Unnamed: 0,Date,Temperature,PrecipIntensity,PrecipProbability,Pressure,Sunlight,DewPoint,County,State
0,2/1/19,54.89958333,0.000554167,0.05875,1012.1125,0.666666667,48.08875,Fresno,CA
1,2/2/19,55.20458333,0.042195833,0.684583333,1003.739167,0.583333333,48.705,Fresno,CA
2,2/3/19,53.63166667,0.010879167,0.372916667,1007.328333,0.583333333,46.94333333,Fresno,CA
3,2/4/19,50.66875,0.018958333,0.430833333,1005.903333,0.625,43.65458333,Fresno,CA
4,2/5/19,43.50956522,0.004617391,0.214347826,1012.17,0.652173913,34.39782609,Fresno,CA
5,2/6/19,40.97416667,0.001013636,0.015,1022.29,0.869565217,28.48708333,Fresno,CA
6,2/7/19,43.51695652,0.000278261,0.007391304,1025.523478,0.869565217,30.2026087,Fresno,CA
7,2/8/19,45.61083333,0.004372727,0.165,1018.9475,0.772727273,32.69416667,Fresno,CA
8,2/9/19,48.84541667,0.004079167,0.145833333,1015.112083,0.708333333,40.065,Fresno,CA
9,2/10/19,44.88041667,0.013666667,0.305416667,1016.56375,0.75,35.64625,Fresno,CA
10,2/11/19,41.84833333,0.000417391,0.016086957,1023.7875,0.913043478,28.69083333,Fresno,CA
11,2/12/19,44.73416667,0,0,1018.270417,0.869565217,32.64333333,Fresno,CA
12,2/13/19,57.39041667,0.009295238,0.316666667,1008.003333,0.565217391,44.32166667,Fresno,CA
13,2/14/19,59.43291667,0.007547826,0.304347826,1005.071667,0.909090909,49.28041667,Fresno,CA
14,2/15/19,48.06166667,0.018056522,0.52173913,1016.999583,0.75,43.61875,Fresno,CA
15,2/16/19,43.81791667,0.006858333,0.423333333,1021.7875,0.75,39.14875,Fresno,CA
16,2/17/19,41,0.007958333,0.223333333,1018.085,0.75,35.93375,Fresno,CA
17,2/18/19,41.20666667,0.000225,0.017083333,1021.553333,0.695652174,33.20333333,Fresno,CA
18,2/19/19,42.61625,0,0,1022.312083,0.958333333,31.0525,Fresno,CA
19,2/20/19,43.88826087,0.000113043,0.013913043,1013.309565,0.826086957,33.91913043,Fresno,CA
20,2/21/19,43.42458333,0.000479167,0.035833333,1006.367083,0.75,34.97916667,Fresno,CA
21,2/22/19,43.55826087,0,0,1018.778696,0.956521739,32.02565217,Fresno,CA
22,2/23/19,45.4025,1.30E-05,0.004782609,1026.608333,1.130434783,33.78666667,Fresno,CA
23,2/24/19,50.15954545,0,0,1022.743043,1.086956522,37.81954545,Fresno,CA
24,2/25/19,57.275,0,0,1016.97625,1.166666667,38.85166667,Fresno,CA
25,2/26/19,58.37043478,0,0,1016.21087,1.217391304,39.41652174,Fresno,CA
26,2/27/19,59.0275,0.000454545,0.041818182,1017.809167,0.739130435,45.355,Fresno,CA
27,2/28/19,58.04833333,0.002178261,0.127826087,1019.545417,0.826086957,50.94625,Fresno,CA
28,3/1/19,54.99,0,0,1017.936957,0.863636364,48.2126087,Fresno,CA
29,3/2/19,58.17136364,0.028980952,0.604761905,1012.266087,1,52.47045455,Fresno,CA
30,3/3/19,58.45136364,0.000863158,0.056315789,1016.874091,0.75,50.13909091,Fresno,CA
31,3/4/19,55.78863636,0,0,1018.683043,1.130434783,45.65863636,Fresno,CA
32,3/5/19,54.46347826,0.006008696,0.250869565,1013.816957,1,47.38391304,Fresno,CA
33,3/6/19,58.67913043,0.007528571,0.34,1009.932174,0.954545455,50.09347826,Fresno,CA
34,3/7/19,52.96521739,0.001954545,0.082727273,1015.723478,0.956521739,44.23695652,Fresno,CA
35,3/8/19,49.10458333,0.001291304,0.100434783,1017.6875,1.083333333,37.65791667,Fresno,CA
36,3/9/19,48.08086957,0.001847619,0.084285714,1016.045217,1.227272727,36.60130435,Fresno,CA
37,3/10/19,50.22727273,6.00E-05,0.004,1014.513182,1.363636364,38.29454545,Fresno,CA
38,3/11/19,52.1525,0,0,1015.8275,1.434782609,39.16708333,Fresno,CA
39,3/12/19,53.11086957,0,0,1011.528333,1.391304348,40.57130435,Fresno,CA
40,3/13/19,50.35478261,0,0,1019.148696,1.304347826,34.83869565,Fresno,CA
41,3/14/19,52.32333333,0,0,1024.08875,1.5,34.4825,Fresno,CA
42,3/15/19,54.87130435,0,0,1022.868696,1.391304348,35.32478261,Fresno,CA
43,3/16/19,58.02681818,0,0,1020.567727,1.238095238,37.73454545,Fresno,CA
44,3/17/19,60.86375,0,0,1018.657083,1.541666667,40.54875,Fresno,CA
45,3/18/19,64.99333333,0,0,1014.835,1.608695652,42.07666667,Fresno,CA
46,3/19/19,65.11666667,0.003486957,0.07826087,1011.652917,1.625,42.40458333,Fresno,CA
47,3/20/19,56.21217391,0.003780952,0.114761905,1016.13,1.260869565,45.44521739,Fresno,CA
48,3/21/19,54.34416667,6.96E-05,0.011304348,1019.023333,1.173913043,44.11416667,Fresno,CA
49,3/22/19,55.39041667,0,0,1021.750833,1.583333333,42.33583333,Fresno,CA
50,3/23/19,56.22541667,0.001441667,0.122916667,1021.435417,1.166666667,44.78125,Fresno,CA
51,3/24/19,56.26454545,0,0,1022.648636,2,41.37409091,Fresno,CA
52,3/25/19,62.21391304,0,0,1018.666087,1.869565217,37.08217391,Fresno,CA
53,3/26/19,61.3325,0,0,1016.05375,1.347826087,42.57291667,Fresno,CA
54,3/27/19,60.03083333,0.0034,0.199090909,1016.225,1.083333333,48.51833333,Fresno,CA
55,3/28/19,58.35166667,0.001129167,0.069166667,1022.8475,1.833333333,42.78541667,Fresno,CA
56,3/29/19,55.86541667,0,0,1025.13625,1.875,40.05583333,Fresno,CA
57,3/30/19,57.61541667,1.67E-05,0.00625,1022.664583,1.916666667,42.06333333,Fresno,CA
58,3/31/19,61.11541667,2.08E-05,0.0025,1020.03875,1.916666667,44.92166667,Fresno,CA
59,4/1/19,64.43416667,4.58E-05,0.00875,1014.903333,2,45.22208333,Fresno,CA
60,4/2/19,62.3075,0.0017,0.0725,1011.74875,1.541666667,48.72708333,Fresno,CA
61,4/3/19,59.13291667,0,0,1016.400417,1.5,47.29458333,Fresno,CA
62,4/4/19,59.58565217,0,0,1016.016087,1.391304348,48.8373913,Fresno,CA
63,4/5/19,58.69541667,0,0,1016.319583,1.583333333,46.83791667,Fresno,CA
64,4/6/19,62.88916667,0,0,1019.277083,2.083333333,44.68125,Fresno,CA
65,4/7/19,66.32833333,0,0,1023.724167,2.043478261,49.44125,Fresno,CA
66,4/8/19,68.73166667,0,0,1021.492083,1.956521739,54.11875,Fresno,CA
67,4/9/19,61.53956522,2.17E-05,0.002173913,1020.142609,2.130434783,44.32782609,Fresno,CA
68,4/10/19,57.54318182,0,0,1022.031364,1.681818182,36.90090909,Fresno,CA
69,4/11/19,58.03125,0,0,1017.963333,2.166666667,40.55458333,Fresno,CA
70,4/12/19,57.61666667,0,0,1012.3675,2.166666667,42.725,Fresno,CA
71,4/13/19,65.18625,0,0,1015.048333,2.208333333,42.895,Fresno,CA
72,4/14/19,67.98083333,0,0,1012.37875,2.208333333,43.9975,Fresno,CA
73,4/15/19,63.44583333,0.001729167,0.070833333,1010.631667,2.041666667,42.30583333,Fresno,CA
74,4/16/19,57.46173913,0.009147619,0.415714286,1015.746087,1.142857143,48.10608696,Fresno,CA
75,4/17/19,61.98857143,0,0,1021.905455,1.444444444,47.68428571,Fresno,CA
76,4/18/19,71.77304348,0,0,1019.104783,2.47826087,49.59956522,Fresno,CA
77,4/19/19,74.58954545,0,0,1011.741818,2.590909091,49.71363636,Fresno,CA
78,4/20/19,66.56958333,0,0,1011.697917,2.291666667,49.92833333,Fresno,CA
79,4/21/19,59.34708333,0,0,1017.1075,1.916666667,45.27666667,Fresno,CA
80,4/22/19,67.07125,0,0,1016.517083,2.416666667,47.33291667,Fresno,CA
81,4/23/19,73.83875,0,0,1014.73375,2.458333333,47.8475,Fresno,CA
82,4/24/19,78.025,0,0,1012.848333,2.458333333,49.4925,Fresno,CA
83,4/25/19,80.24,0,0,1011.750435,2.458333333,51.64,Fresno,CA
84,4/26/19,78.92625,0,0,1011.88125,2.5,49.15208333,Fresno,CA
85,4/27/19,75.00208333,0,0,1011.065417,2.458333333,48.6625,Fresno,CA
86,4/28/19,72.37583333,0,0,1008.0275,2.541666667,45.07416667,Fresno,CA
87,4/29/19,68.52791667,0,0,1007.027083,2.541666667,46.4375,Fresno,CA
88,4/30/19,63.66333333,0,0,1011.721667,1.826086957,47.99916667,Fresno,CA
89,5/1/19,64.21333333,0,0,1015.289167,2.5,43.82083333,Fresno,CA
90,5/2/19,68.63166667,0,0,1014.936667,2.541666667,39.66583333,Fresno,CA
91,5/3/19,72.59125,0,0,1012.9,2.166666667,39.88125,Fresno,CA
92,5/4/19,73.69,0,0,1009.83375,2.208333333,40.72208333,Fresno,CA
93,5/5/19,68.70791667,0,0,1008.004167,2.125,40.49583333,Fresno,CA
94,5/6/19,65.7225,0,0,1011.082083,1.916666667,45.92083333,Fresno,CA
95,5/7/19,66.65166667,0,0,1015.382917,1.958333333,50.1275,Fresno,CA
96,5/8/19,70.39666667,0,0,1012.78375,2.083333333,52.92583333,Fresno,CA
97,5/9/19,71.19916667,0.002083333,0.035416667,1006.474167,2,55.96666667,Fresno,CA
98,5/10/19,65.4975,0.001083333,0.013333333,1008.857917,1.25,53.2925,Fresno,CA
99,5/11/19,72.33125,0,0,1012.565,2.041666667,52.66375,Fresno,CA
100,5/12/19,76.43041667,2.08E-05,0.002083333,1012.290417,2.25,51.95541667,Fresno,CA
101,5/13/19,75.67708333,0,0,1013.747083,2.416666667,44.57,Fresno,CA
102,5/14/19,72.73833333,0,0,1013.835833,2.5,46.42333333,Fresno,CA
103,5/15/19,67.54583333,8.33E-06,0.005416667,1010.599583,2,50.90791667,Fresno,CA
104,5/16/19,59.1625,0.026325,0.465833333,1012.115833,1.291666667,49.6625,Fresno,CA
105,5/17/19,59.81625,0,0,1018.382917,1.5,46.02416667,Fresno,CA
106,5/18/19,59.51208333,0.008045833,0.208333333,1014.00125,2.166666667,48.93583333,Fresno,CA
107,5/19/19,56.00041667,0.0146875,0.434583333,1010.227083,1.041666667,49.435,Fresno,CA
108,5/20/19,58.69625,0.000154167,0.00125,1013.929167,1.541666667,45.74708333,Fresno,CA
109,5/21/19,58.05791667,0.001566667,0.098333333,1012.4225,1.458333333,47.90166667,Fresno,CA
110,5/22/19,58.87166667,0.000154167,0.024166667,1008.941667,1.208333333,48.52416667,Fresno,CA
111,5/23/19,63.67,0.001054167,0.017083333,1010.077917,1.333333333,52.80625,Fresno,CA
112,5/24/19,67.03583333,0,0,1014.3875,1.958333333,54.32333333,Fresno,CA
113,5/25/19,71.81375,0,0,1008.5225,2,51.47875,Fresno,CA
114,5/26/19,54.63375,0.009670833,0.300416667,1011.22125,1.083333333,47.18083333,Fresno,CA
115,5/27/19,57.09125,2.50E-05,0.01375,1017.13875,1.333333333,47.00833333,Fresno,CA
116,5/28/19,63.28333333,0,0,1015.289167,1.083333333,51.61958333,Fresno,CA
117,5/29/19,72.3775,0,0,1010.905,2.375,55.58083333,Fresno,CA
118,5/30/19,76.76666667,0,0,1009.9625,2.25,55.59958333,Fresno,CA
119,5/31/19,75.01916667,0,0,1009.67,2,53.82333333,Fresno,CA
120,2/1/19,53.9625,0.000775,0.041666667,1011.918095,0.608695652,40.22458333,Kern,CA
121,2/2/19,54.25166667,0.024966667,0.430416667,1004.562,0.583333333,41.85458333,Kern,CA
122,2/3/19,52.80291667,0.0011,0.075833333,1008.105417,0.625,40.72541667,Kern,CA
123,2/4/19,49.7625,0.0104375,0.252916667,1006.529545,0.666666667,39.63958333,Kern,CA
124,2/5/19,41.20956522,0.007013043,0.213043478,1012.303043,0.652173913,32.16173913,Kern,CA
125,2/6/19,37.79416667,0.000495455,0.043636364,1021.465,0.652173913,26.77333333,Kern,CA
126,2/7/19,41.61434783,5.22E-05,0.007826087,1024.411579,0.956521739,24.41565217,Kern,CA
127,2/8/19,44.39708333,0,0,1018.602273,0.818181818,25.31333333,Kern,CA
128,2/9/19,46.12125,0.001804167,0.072083333,1015.073333,0.708333333,34.49208333,Kern,CA
129,2/10/19,41.57291667,0.0076625,0.107916667,1016.232381,0.666666667,32.26041667,Kern,CA
130,2/11/19,39.66333333,0.001817391,0.064347826,1022.958421,1,26.71708333,Kern,CA
131,2/12/19,47.18791667,0,0,1017.44381,0.913043478,26.64041667,Kern,CA
132,2/13/19,57.23791667,0.000833333,0.055714286,1007.821364,0.652173913,31.32291667,Kern,CA
133,2/14/19,56.76541667,0.017,0.263043478,1006.52381,0.863636364,44.28291667,Kern,CA
134,2/15/19,46.40875,0.018186957,0.303478261,1016.995,0.782608696,37.04791667,Kern,CA
135,2/16/19,43.30208333,0.0042125,0.129583333,1020.990909,0.75,33.95583333,Kern,CA
136,2/17/19,40.10833333,0.003304167,0.134166667,1017.822857,0.75,30.45708333,Kern,CA
137,2/18/19,38.89166667,0.000425,0.041666667,1020.88,0.695652174,28.46958333,Kern,CA
138,2/19/19,40.45333333,4.17E-05,0.006666667,1021.938636,1.041666667,27.34791667,Kern,CA
139,2/20/19,40.62565217,0,0,1012.684286,0.782608696,28.14521739,Kern,CA
140,2/21/19,38.58208333,0.005108333,0.13375,1006.193913,0.875,31.59666667,Kern,CA
141,2/22/19,39.57956522,0.000586364,0.018181818,1018.021429,0.954545455,28.64,Kern,CA
142,2/23/19,42.74166667,0,0,1025.662105,1.217391304,26.7625,Kern,CA
143,2/24/19,47.81727273,0,0,1022.235263,1.217391304,26.52409091,Kern,CA
144,2/25/19,54.11916667,0,0,1016.816667,1.25,27.75791667,Kern,CA
145,2/26/19,56.71521739,0,0,1015.804118,1.304347826,31.79304348,Kern,CA
146,2/27/19,54.76458333,0.003290909,0.131818182,1017.499474,0.826086957,41.70125,Kern,CA
147,2/28/19,55.89916667,0.001652174,0.055217391,1018.837826,0.913043478,46.76833333,Kern,CA
148,3/1/19,54.6626087,0,0,1017.489545,0.909090909,43.7726087,Kern,CA
149,3/2/19,58.025,0.03102381,0.343333333,1012.4245,0.954545455,47.62727273,Kern,CA
150,3/3/19,55.75454545,0,0,1016.173889,0.75,44.18545455,Kern,CA
151,3/4/19,52.76636364,0,0,1018.242609,1.086956522,43.08272727,Kern,CA
152,3/5/19,53.93652174,0.030613043,0.283913043,1014.0955,1.086956522,42.54130435,Kern,CA
153,3/6/19,57.46652174,0.044642857,0.361428571,1010.055909,1.090909091,42.56608696,Kern,CA
154,3/7/19,52.7273913,0.002263636,0.084545455,1015.419091,1.086956522,39.0873913,Kern,CA
155,3/8/19,45.8725,0.002308696,0.119565217,1017.231364,1,32.57625,Kern,CA
156,3/9/19,47.12434783,0,0,1015.5635,1.409090909,30.60391304,Kern,CA
157,3/10/19,49.52954545,0,0,1013.49619,1.409090909,33.305,Kern,CA
158,3/11/19,49.13583333,0,0,1015.352174,1.217391304,34.47166667,Kern,CA
159,3/12/19,53.25565217,2.27E-05,0.001363636,1010.907143,1.434782609,36.68304348,Kern,CA
160,3/13/19,48.65565217,3.04E-05,0.006521739,1019.174091,1.260869565,30.16173913,Kern,CA
161,3/14/19,51.09791667,0,0,1023.144762,1.583333333,22.17,Kern,CA
162,3/15/19,53.69173913,0,0,1022.212222,1.434782609,22.96086957,Kern,CA
163,3/16/19,55.46636364,0,0,1020.423529,1.285714286,28.89636364,Kern,CA
164,3/17/19,59.07166667,0,0,1018.2595,1.625,32.61375,Kern,CA
165,3/18/19,62.60458333,0,0,1014.452778,1.652173913,36.78,Kern,CA
166,3/19/19,63.00375,0,0,1010.85125,1.625,34.71375,Kern,CA
167,3/20/19,54.58086957,0.000942857,0.027619048,1015.511053,1.434782609,38.43608696,Kern,CA
168,3/21/19,50.875,0.001308696,0.039565217,1018.673333,1,40.39541667,Kern,CA
169,3/22/19,53.79375,0,0,1020.832632,1.625,39.02208333,Kern,CA
170,3/23/19,52.98583333,0.0003,0.021666667,1020.751667,1.166666667,38.79916667,Kern,CA
171,3/24/19,56.81454545,0,0,1021.97,2.095238095,38.73090909,Kern,CA
172,3/25/19,61.42173913,0,0,1018.215238,2,35.01130435,Kern,CA
173,3/26/19,59.59208333,0,0,1015.429474,1.739130435,35.49,Kern,CA
174,3/27/19,58.93875,0,0,1015.833333,1.416666667,40.86458333,Kern,CA
175,3/28/19,56.35125,0.00075,0.037916667,1021.982727,1.333333333,40.50166667,Kern,CA
176,3/29/19,53.4925,0,0,1024.725238,1.625,36.79958333,Kern,CA
177,3/30/19,55.55458333,0,0,1022.272381,2,38.44125,Kern,CA
178,3/31/19,59.49083333,0,0,1019.349524,2,39.12833333,Kern,CA
179,4/1/19,63.47208333,0,0,1014.141905,2.083333333,40.68666667,Kern,CA
180,4/2/19,61.77458333,0,0,1011.100526,1.708333333,41.8375,Kern,CA
181,4/3/19,59.26625,0,0,1015.718333,1.791666667,43.89,Kern,CA
182,4/4/19,57.92695652,6.09E-05,0.004782609,1015.617619,1.318181818,43.05478261,Kern,CA
183,4/5/19,56.6275,6.67E-05,0.004166667,1015.785217,1.625,41.26583333,Kern,CA
184,4/6/19,59.56916667,0,0,1018.795652,2.125,41.39583333,Kern,CA
185,4/7/19,63.38125,0,0,1022.942857,2.086956522,43.59625,Kern,CA
186,4/8/19,67.13583333,0,0,1020.68913,2,48.81666667,Kern,CA
187,4/9/19,60.16695652,0,0,1018.97381,1.782608696,40.94826087,Kern,CA
188,4/10/19,55.22454545,0,0,1021.993158,1.727272727,31.54363636,Kern,CA
189,4/11/19,56.99333333,0,0,1017.015714,2.208333333,34.36958333,Kern,CA
190,4/12/19,56.78708333,0,0,1012.389524,1.958333333,37.25291667,Kern,CA
191,4/13/19,62.74041667,0,0,1014.361364,2.333333333,33.98333333,Kern,CA
192,4/14/19,65.97708333,0,0,1011.87087,2.333333333,37.72333333,Kern,CA
193,4/15/19,63.34125,0,0,1009.684545,2.375,37.10083333,Kern,CA
194,4/16/19,56.43086957,0.000142857,0.014285714,1015.028571,1.19047619,41.51173913,Kern,CA
195,4/17/19,61.31142857,0,0,1021.393636,1.611111111,42.57047619,Kern,CA
196,4/18/19,69.95478261,0,0,1018.615294,2.565217391,40.75043478,Kern,CA
197,4/19/19,73.86272727,0,0,1011.174444,2.681818182,40.99181818,Kern,CA
198,4/20/19,67.66708333,0,0,1010.5165,2.333333333,43.18458333,Kern,CA
199,4/21/19,58.88125,0,0,1016.733,2.25,40.22666667,Kern,CA
200,4/22/19,64.7575,0,0,1016.127778,2.458333333,40.46458333,Kern,CA
201,4/23/19,71.215,0,0,1014.063158,2.5,36.91833333,Kern,CA
202,4/24/19,75.315,0,0,1012.160588,2.5,37.60166667,Kern,CA
203,4/25/19,77.16916667,0,0,1011.468889,2.541666667,45.29583333,Kern,CA
204,4/26/19,76.84708333,0,0,1011.352778,2.541666667,46.39958333,Kern,CA
205,4/27/19,74.61833333,0,0,1010.406667,2.541666667,41.13083333,Kern,CA
206,4/28/19,73.57666667,0,0,1007.348636,2.583333333,40.7,Kern,CA
207,4/29/19,65.77,3.33E-05,0.006666667,1007.04625,2,46.38375,Kern,CA
208,4/30/19,61.95166667,0,0,1011.52125,2.217391304,43.75208333,Kern,CA
209,5/1/19,63.77958333,0,0,1014.747826,2.541666667,42.17666667,Kern,CA
210,5/2/19,66.28958333,0,0,1014.464167,2.666666667,37.84041667,Kern,CA
211,5/3/19,69.50458333,0,0,1012.694167,2.25,35.3325,Kern,CA
212,5/4/19,71.69166667,0,0,1009.634167,2.416666667,33.41125,Kern,CA
213,5/5/19,69.56083333,0,0,1007.65125,2.25,33.37791667,Kern,CA
214,5/6/19,65.26,0,0,1010.793333,1.416666667,41.68833333,Kern,CA
215,5/7/19,67.34833333,0,0,1014.63375,2.041666667,45.54958333,Kern,CA
216,5/8/19,71.43416667,0,0,1012.220417,2.25,49.04833333,Kern,CA
217,5/9/19,72.70083333,0,0,1006.129583,2.125,51.29833333,Kern,CA
218,5/10/19,65.14583333,0.0278125,0.3425,1008.785833,1.25,51.83666667,Kern,CA
219,5/11/19,69.66375,0.000795833,0.02125,1012.570833,1.916666667,52.8275,Kern,CA
220,5/12/19,74.06125,0,0,1012.182083,2.25,51.64333333,Kern,CA
221,5/13/19,73.34666667,0,0,1013.662083,2.541666667,46.295,Kern,CA
222,5/14/19,73.11166667,0,0,1013.414583,2.625,43.48708333,Kern,CA
223,5/15/19,72.88291667,0,0,1009.937083,2.625,45.89833333,Kern,CA
224,5/16/19,61.28708333,0.00955,0.26,1011.27375,1.125,45.36708333,Kern,CA
225,5/17/19,57.405,0.001083333,0.03375,1017.123333,1.333333333,42.77291667,Kern,CA
226,5/18/19,61.09875,0.0047625,0.101666667,1013.401667,2.5,43.735,Kern,CA
227,5/19/19,56.69666667,0.027566667,0.555833333,1010.070833,1.125,44.51125,Kern,CA
228,5/20/19,57.61083333,0.006633333,0.161666667,1013.09375,1.375,42.16958333,Kern,CA
229,5/21/19,59.61291667,0.0003,0.0175,1011.129583,1.416666667,43.5675,Kern,CA
230,5/22/19,56.80375,0.003020833,0.1125,1008.764583,1,42.91375,Kern,CA
231,5/23/19,63.6675,0.0084875,0.234166667,1010.450417,1.333333333,46.65083333,Kern,CA
232,5/24/19,66.64958333,0,0,1013.801667,1.708333333,49.64125,Kern,CA
233,5/25/19,70.19125,0,0,1008.91875,2.166666667,47.30083333,Kern,CA
234,5/26/19,58.45291667,0.0157375,0.127083333,1010.577917,1.125,42.26208333,Kern,CA
235,5/27/19,57.22,0.003166667,0.109166667,1016.339167,1.166666667,41.23958333,Kern,CA
236,5/28/19,63.18666667,0,0,1014.386667,1.5,44.82125,Kern,CA
237,5/29/19,69.63916667,0,0,1010.592083,2.25,49.58458333,Kern,CA
238,5/30/19,75.21541667,0,0,1009.8175,2.291666667,49.6725,Kern,CA
239,5/31/19,74.59083333,0,0,1009.63625,2.125,52.06333333,Kern,CA
240,2/1/19,52.93333333,0.001270833,0.15125,1012.610833,0.708333333,48.67125,Kings,CA
241,2/2/19,55.33458333,0.018058333,0.495416667,1004.606667,0.583333333,48.16583333,Kings,CA
242,2/3/19,54.29416667,0.009304167,0.291666667,1008.3975,0.583333333,48.42583333,Kings,CA
243,2/4/19,51.47875,0.009529167,0.192916667,1006.753333,0.625,44.18708333,Kings,CA
244,2/5/19,45.06956522,0.000273913,0.027391304,1012.613043,0.695652174,33.60304348,Kings,CA
245,2/6/19,41.19541667,0,0,1022.592083,0.869565217,30.16625,Kings,CA
246,2/7/19,42.34695652,0,0,1025.774348,0.869565217,32.45434783,Kings,CA
247,2/8/19,45.08125,0.001936364,0.181818182,1019.35375,0.772727273,35.66541667,Kings,CA
248,2/9/19,49.33958333,0.003066667,0.125,1015.695,0.708333333,41.55583333,Kings,CA
249,2/10/19,45.25541667,0.0034125,0.234583333,1017.067083,0.708333333,37.53083333,Kings,CA
250,2/11/19,40.8675,0,0,1024.1225,0.956521739,31.73208333,Kings,CA
251,2/12/19,42.56916667,0,0,1018.682917,0.826086957,35.76375,Kings,CA
252,2/13/19,55.17333333,0.003814286,0.375238095,1008.43625,0.608695652,46.80916667,Kings,CA
253,2/14/19,58.75416667,0.000952174,0.086956522,1005.864167,0.909090909,49.08416667,Kings,CA
254,2/15/19,49.78083333,0.003952174,0.233478261,1017.454583,0.75,43.2775,Kings,CA
255,2/16/19,46.10583333,0.001066667,0.114166667,1022.17625,0.75,39.75583333,Kings,CA
256,2/17/19,42.71166667,0.007054167,0.188333333,1018.381667,0.75,36.68625,Kings,CA
257,2/18/19,42.38375,0.0002625,0.02625,1021.850833,0.782608696,33.59333333,Kings,CA
258,2/19/19,42.16041667,0,0,1022.684583,1.083333333,29.70958333,Kings,CA
259,2/20/19,42.49869565,0.000652174,0.036521739,1013.734348,0.826086957,35.18869565,Kings,CA
260,2/21/19,44.15,0.00155,0.083333333,1006.828333,0.833333333,36.8375,Kings,CA
261,2/22/19,42.98652174,0,0,1019.046957,1.043478261,31.31521739,Kings,CA
262,2/23/19,43.63541667,0,0,1026.898333,1.217391304,33.48958333,Kings,CA
263,2/24/19,48.72772727,0,0,1023.123478,1.130434783,37.25181818,Kings,CA
264,2/25/19,55.71166667,0,0,1017.594167,1.166666667,39.3975,Kings,CA
265,2/26/19,56.3973913,0,0,1016.745217,1.217391304,41.60130435,Kings,CA
266,2/27/19,57.49208333,0.001418182,0.091818182,1018.4775,0.782608696,47.79541667,Kings,CA
267,2/28/19,57.75416667,0.001778261,0.163478261,1019.82375,0.956521739,51.23083333,Kings,CA
268,3/1/19,53.74521739,0,0,1018.408696,0.818181818,48.98,Kings,CA
269,3/2/19,59.49363636,0.008995238,0.350952381,1012.992609,1,53.61909091,Kings,CA
270,3/3/19,58.60636364,0,0,1017.167273,0.75,49.71727273,Kings,CA
271,3/4/19,55.21227273,0,0,1018.955652,1.043478261,47.05863636,Kings,CA
272,3/5/19,53.5473913,0.006856522,0.293913043,1014.403913,1,48.90173913,Kings,CA
273,3/6/19,57.97391304,0.00532381,0.25047619,1010.640435,0.909090909,50.20130435,Kings,CA
274,3/7/19,53.12391304,2.27E-05,0.016818182,1016.026957,0.956521739,45.08173913,Kings,CA
275,3/8/19,49.9925,0.001095652,0.10826087,1017.9175,1.125,38.53083333,Kings,CA
276,3/9/19,47.6173913,9.52E-05,0.053809524,1016.576957,1.318181818,38.7126087,Kings,CA
277,3/10/19,50.77454545,0,0,1014.757273,1.318181818,39.00636364,Kings,CA
278,3/11/19,52.10958333,0,0,1016.047917,1.47826087,39.4725,Kings,CA
279,3/12/19,53.01913043,0,0,1011.742917,1.434782609,37.06869565,Kings,CA
280,3/13/19,51.41565217,0,0,1019.647391,1.304347826,30.88086957,Kings,CA
281,3/14/19,50.61083333,0,0,1024.446667,1.541666667,30.80458333,Kings,CA
282,3/15/19,52.34130435,0,0,1023.054348,1.391304348,33.90478261,Kings,CA
283,3/16/19,54.54136364,0,0,1020.882727,1.238095238,38.59909091,Kings,CA
284,3/17/19,57.03083333,0,0,1018.899167,1.625,41.35708333,Kings,CA
285,3/18/19,61.48541667,0,0,1015.1775,1.652173913,44.04333333,Kings,CA
286,3/19/19,61.32416667,0,0,1012.044167,1.625,42.12416667,Kings,CA
287,3/20/19,55.76826087,0.000590476,0.076190476,1016.486522,1.391304348,47.14347826,Kings,CA
288,3/21/19,55.24083333,0,0,1019.3725,1.217391304,45.11791667,Kings,CA
289,3/22/19,55.16208333,0,0,1022.039583,1.625,42.68291667,Kings,CA
290,3/23/19,56.02,0.000775,0.104583333,1021.560417,1.041666667,47.5575,Kings,CA
291,3/24/19,55.36818182,0,0,1022.992727,2,40.45590909,Kings,CA
292,3/25/19,59.90521739,0,0,1019.131739,1.869565217,40.08608696,Kings,CA
293,3/26/19,59.98875,0,0,1016.35875,1.652173913,45.04333333,Kings,CA
294,3/27/19,60.31791667,0.000486364,0.045454545,1016.84125,1.166666667,49.37166667,Kings,CA
295,3/28/19,59.35125,0,0,1022.92125,1.75,42.68875,Kings,CA
296,3/29/19,56.44125,0,0,1025.347917,1.75,40.53041667,Kings,CA
297,3/30/19,56.755,0,0,1022.8425,2,41.15625,Kings,CA
298,3/31/19,59.73041667,0,0,1020.256667,2,41.57708333,Kings,CA
299,4/1/19,63.70333333,0,0,1015.1325,2.041666667,44.7975,Kings,CA
300,4/2/19,63.00125,0,0,1011.986667,1.625,48.54708333,Kings,CA
301,4/3/19,59.84791667,0,0,1016.743333,1.458333333,47.75416667,Kings,CA
302,4/4/19,59.27956522,0,0,1016.341304,1.347826087,46.50521739,Kings,CA
303,4/5/19,59.45708333,0,0,1016.564583,1.875,45.25833333,Kings,CA
304,4/6/19,62.1025,0,0,1019.503333,2.083333333,45.47083333,Kings,CA
305,4/7/19,66.03,0,0,1023.886667,2.043478261,49.84875,Kings,CA
306,4/8/19,69.86041667,0,0,1021.64625,1.956521739,54.84291667,Kings,CA
307,4/9/19,63.7373913,0,0,1020.226522,1.956521739,42.40304348,Kings,CA
308,4/10/19,59.49909091,0,0,1022.312727,1.727272727,33.60590909,Kings,CA
309,4/11/19,58.16041667,0,0,1018.154167,2.166666667,37.77791667,Kings,CA
310,4/12/19,58.07125,0,0,1012.7925,2.166666667,40.31208333,Kings,CA
311,4/13/19,63.80916667,0,0,1015.30375,2.208333333,40.60083333,Kings,CA
312,4/14/19,67.36541667,0,0,1012.487083,2.208333333,43.415,Kings,CA
313,4/15/19,63.83125,0,0,1010.765417,2.166666667,38.71666667,Kings,CA
314,4/16/19,57.70434783,0.006057143,0.365714286,1016.077826,1.095238095,48.91130435,Kings,CA
315,4/17/19,61.3852381,0,0,1022.231364,1.388888889,46.49857143,Kings,CA
316,4/18/19,67.98521739,0,0,1019.328696,2.47826087,49.98956522,Kings,CA
317,4/19/19,73.26590909,0,0,1011.848636,2.590909091,53.99954545,Kings,CA
318,4/20/19,67.24291667,0,0,1011.72625,2.291666667,48.7175,Kings,CA
319,4/21/19,59.9675,0,0,1017.578333,1.958333333,43.42541667,Kings,CA
320,4/22/19,66.26708333,0,0,1016.8425,2.458333333,45.35958333,Kings,CA
321,4/23/19,70.79916667,0,0,1015.030833,2.458333333,44.67333333,Kings,CA
322,4/24/19,74.40833333,0,0,1013.07875,2.458333333,48.84375,Kings,CA
323,4/25/19,79.27291667,0,0,1011.945652,2.5,54.44458333,Kings,CA
324,4/26/19,78.28791667,0,0,1011.932917,2.5,50.28791667,Kings,CA
325,4/27/19,74.15875,0,0,1011.21375,2.541666667,46.43208333,Kings,CA
326,4/28/19,71.06291667,0,0,1008.18875,2.541666667,45.5375,Kings,CA
327,4/29/19,68.97916667,0,0,1007.35125,2.333333333,48.58,Kings,CA
328,4/30/19,64.17416667,0,0,1011.82875,2.043478261,46.97666667,Kings,CA
329,5/1/19,65.37458333,0,0,1015.469167,2.458333333,42.70625,Kings,CA
330,5/2/19,67.85166667,0,0,1015.139583,2.541666667,38.45916667,Kings,CA
331,5/3/19,70.31666667,0,0,1013.185833,2.166666667,38.18083333,Kings,CA
332,5/4/19,71.70791667,0,0,1010.180417,2.291666667,39.06041667,Kings,CA
333,5/5/19,67.70916667,0,0,1008.59,2.041666667,40.22625,Kings,CA
334,5/6/19,66.395,0,0,1011.572917,1.833333333,45.40291667,Kings,CA
335,5/7/19,66.99958333,0,0,1015.874583,2,48.94958333,Kings,CA
336,5/8/19,69.93666667,0,0,1013.175833,2.208333333,51.06875,Kings,CA
337,5/9/19,71.35208333,0,0,1006.8675,1.958333333,53.05125,Kings,CA
338,5/10/19,65.375,0,0,1009.212917,1.375,52.18625,Kings,CA
339,5/11/19,70.27208333,0,0,1012.924583,2.083333333,52.49166667,Kings,CA
340,5/12/19,74.76958333,0,0,1012.412083,2.291666667,51.82375,Kings,CA
341,5/13/19,74.90958333,0,0,1014.157917,2.416666667,41.71333333,Kings,CA
342,5/14/19,72.83125,0,0,1014.135417,2.5,46.84916667,Kings,CA
343,5/15/19,67.74791667,0,0,1011.161667,2.291666667,49.69833333,Kings,CA
344,5/16/19,60.26125,0.003954167,0.252916667,1012.62375,1.208333333,50.2475,Kings,CA
345,5/17/19,59.35166667,0,0,1018.864583,1.583333333,44.00333333,Kings,CA
346,5/18/19,58.55916667,0.0073375,0.291666667,1014.5475,2.208333333,46.23625,Kings,CA
347,5/19/19,56.48416667,0.0034125,0.243333333,1010.687917,1.125,49.77166667,Kings,CA
348,5/20/19,58.79708333,0.000158333,0.031666667,1014.399583,1.416666667,46.68416667,Kings,CA
349,5/21/19,58.8525,0,0,1012.92,1.416666667,46.36416667,Kings,CA
350,5/22/19,59.5725,0,0,1009.541667,1.083333333,46.29458333,Kings,CA
351,5/23/19,63.36166667,0.000683333,0.115833333,1010.377917,1.375,51.03416667,Kings,CA
352,5/24/19,66.09333333,0,0,1014.574583,2.041666667,51.79083333,Kings,CA
353,5/25/19,69.62,0,0,1008.883333,2.041666667,49.09125,Kings,CA
354,5/26/19,55.235,0.009383333,0.18625,1011.589583,1.041666667,47.4575,Kings,CA
355,5/27/19,58.38458333,0,0,1017.817917,1.333333333,45.58041667,Kings,CA
356,5/28/19,63.8,0,0,1015.798333,1.125,51.51125,Kings,CA
357,5/29/19,70.99333333,0,0,1011.265833,2.375,54.77875,Kings,CA
358,5/30/19,75.25541667,0,0,1010.204583,2.291666667,55.02458333,Kings,CA
359,5/31/19,75.14166667,0,0,1009.924167,1.958333333,53.54666667,Kings,CA
360,2/1/19,53.93333333,0.0055125,0.194166667,1010.985833,0.625,50.52958333,Merced,CA
361,2/2/19,55.68791667,0.0155625,0.362916667,1001.509583,0.583333333,49.61625,Merced,CA
362,2/3/19,53.18125,0.0022,0.148333333,1005.431667,0.541666667,48.52041667,Merced,CA
363,2/4/19,49.42125,0.011554167,0.245833333,1004.616667,0.583333333,44.31791667,Merced,CA
364,2/5/19,43.15434783,0.001417391,0.083478261,1011.697391,0.652173913,35.55608696,Merced,CA
365,2/6/19,41.235,0,0,1021.920833,0.869565217,32.6775,Merced,CA
366,2/7/19,42.06565217,0,0,1025.150435,0.869565217,34.3073913,Merced,CA
367,2/8/19,44.625,0.002904545,0.138181818,1018.138261,0.739130435,38.17791667,Merced,CA
368,2/9/19,48.725,0.003075,0.054166667,1014.199167,0.666666667,42.785,Merced,CA
369,2/10/19,45.20791667,0.015645833,0.36375,1015.945,0.708333333,37.96416667,Merced,CA
370,2/11/19,42.27708333,0.000152174,0.016086957,1023.415455,0.869565217,33.7275,Merced,CA
371,2/12/19,43.45083333,0,0,1017.305417,0.782608696,37.0025,Merced,CA
372,2/13/19,56.05166667,0.011352381,0.286666667,1005.87125,0.608695652,46.8375,Merced,CA
373,2/14/19,57.77708333,0.007678261,0.215217391,1003.188261,0.727272727,50.59916667,Merced,CA
374,2/15/19,48.59,0.007886957,0.369565217,1016.137391,0.75,43.55791667,Merced,CA
375,2/16/19,45.33083333,0.001104167,0.092083333,1020.972083,0.708333333,41.26,Merced,CA
376,2/17/19,43.03958333,0.004291667,0.118333333,1017.63,0.652173913,37.31958333,Merced,CA
377,2/18/19,42.99458333,0,0,1021.262727,0.782608696,32.37041667,Merced,CA
378,2/19/19,42.85375,0,0,1022.005833,0.958333333,31.8725,Merced,CA
379,2/20/19,45.03695652,0,0,1012.62,0.782608696,37.49304348,Merced,CA
380,2/21/19,45.58458333,0.000204167,0.03,1005.878261,0.833333333,34.63541667,Merced,CA
381,2/22/19,43.89565217,0,0,1018.447826,1.043478261,28.76956522,Merced,CA
382,2/23/19,44.63625,0,0,1026.125417,1.086956522,33.73916667,Merced,CA
383,2/24/19,49.925,0,0,1022.257391,1,39.78318182,Merced,CA
384,2/25/19,54.30958333,0,0,1016.362609,1.083333333,44.9925,Merced,CA
385,2/26/19,56.79521739,0,0,1014.961739,1,43.76043478,Merced,CA
386,2/27/19,58.30458333,0.000295455,0.046818182,1016.283913,0.695652174,48.13333333,Merced,CA
387,2/28/19,54.0675,0,0,1019.534583,0.695652174,48.20583333,Merced,CA
388,3/1/19,53.29130435,0,0,1017.605,1,47.13086957,Merced,CA
389,3/2/19,58.07863636,0.009266667,0.325238095,1011.285217,1,54.23227273,Merced,CA
390,3/3/19,57.48545455,0.000452632,0.042631579,1016.497143,0.65,52.26590909,Merced,CA
391,3/4/19,55.74363636,0,0,1018.52087,1.086956522,45.07136364,Merced,CA
392,3/5/19,53.62826087,0.003986957,0.182173913,1012.724783,1.086956522,49.95304348,Merced,CA
393,3/6/19,57.75086957,0.001366667,0.054761905,1007.99381,1,51.35695652,Merced,CA
394,3/7/19,52.5,0.007331818,0.260909091,1015.602174,0.956521739,47.94478261,Merced,CA
395,3/8/19,49.72625,0.0005,0.046956522,1017.3275,1.166666667,39.08916667,Merced,CA
396,3/9/19,46.9573913,0.002095238,0.075714286,1015.40913,1.090909091,40.30521739,Merced,CA
397,3/10/19,50.13636364,0,0,1014.195455,1.363636364,41.68909091,Merced,CA
398,3/11/19,51.50375,0,0,1015.68087,1.391304348,40.78875,Merced,CA
399,3/12/19,52.68086957,0,0,1011.291739,1.217391304,41.21391304,Merced,CA
400,3/13/19,51.64521739,0,0,1018.865,1.217391304,31.86695652,Merced,CA
401,3/14/19,49.97083333,0,0,1023.650833,1.416666667,36.34416667,Merced,CA
402,3/15/19,52.80913043,0,0,1022.47,1.304347826,41.22478261,Merced,CA
403,3/16/19,55.49909091,0,0,1020.150952,1.285714286,43.32909091,Merced,CA
404,3/17/19,58.37291667,0,0,1018.424783,1.541666667,45.31375,Merced,CA
405,3/18/19,61.615,0,0,1014.43375,1.565217391,49.44,Merced,CA
406,3/19/19,61.12875,7.39E-05,0.007826087,1011.18,1.5,48.74875,Merced,CA
407,3/20/19,55.64695652,0.002742857,0.09952381,1015.445,1.045454545,49.03347826,Merced,CA
408,3/21/19,55.57416667,0,0,1018.708182,1.608695652,43.99583333,Merced,CA
409,3/22/19,54.38416667,0.000283333,0.029583333,1021.56,1.125,45.445,Merced,CA
410,3/23/19,56.36583333,0.015120833,0.423333333,1021.392273,1.25,48.95416667,Merced,CA
411,3/24/19,54.49727273,0,0,1022.320909,1.952380952,44.16818182,Merced,CA
412,3/25/19,58.42434783,0,0,1018.299091,1.695652174,45.81391304,Merced,CA
413,3/26/19,59.33166667,0,0,1015.796667,1.043478261,52.82416667,Merced,CA
414,3/27/19,60.555,0.000686364,0.042727273,1014.921818,1.333333333,51.855,Merced,CA
415,3/28/19,55.87375,0,0,1022.952727,1.75,44.69583333,Merced,CA
416,3/29/19,54.26833333,0,0,1025.416957,1.791666667,44.02625,Merced,CA
417,3/30/19,55.90333333,0,0,1022.566522,1.833333333,44.14875,Merced,CA
418,3/31/19,59.55375,0,0,1019.703913,1.916666667,46.04416667,Merced,CA
419,4/1/19,60.63541667,0,0,1014.648696,1.875,49.11208333,Merced,CA
420,4/2/19,59.89041667,0.0001375,0.00875,1011.691667,1.458333333,52.15875,Merced,CA
421,4/3/19,58.93916667,0,0,1016.177083,1.291666667,50.70791667,Merced,CA
422,4/4/19,59.69434783,0,0,1015.773913,1.652173913,50.95913043,Merced,CA
423,4/5/19,57.56208333,0,0,1016.018261,1.458333333,49.50916667,Merced,CA
424,4/6/19,61.47791667,0,0,1019.026818,2.130434783,50.35791667,Merced,CA
425,4/7/19,65.13916667,0,0,1023.403478,1.956521739,54.57333333,Merced,CA
426,4/8/19,66.24291667,0,0,1021.539091,1.826086957,56.96083333,Merced,CA
427,4/9/19,61.45043478,0,0,1020.996667,2.043478261,45.00434783,Merced,CA
428,4/10/19,60.26409091,0,0,1021.858182,1.727272727,38.11045455,Merced,CA
429,4/11/19,58.70416667,0,0,1017.42619,2,43.62458333,Merced,CA
430,4/12/19,60.96083333,0,0,1011.838261,2.166666667,42.77625,Merced,CA
431,4/13/19,63.12875,0,0,1014.628333,2.166666667,46.50208333,Merced,CA
432,4/14/19,65.12166667,0,0,1012.09875,2.166666667,47.21958333,Merced,CA
433,4/15/19,60.06083333,0.000179167,0.0175,1010.864583,1.75,40.13916667,Merced,CA
434,4/16/19,58.21652174,0,0,1015.584783,1.285714286,48.08782609,Merced,CA
435,4/17/19,61.39285714,0,0,1021.423333,1.444444444,48.91238095,Merced,CA
436,4/18/19,68.60695652,0,0,1018.840435,2.391304348,52.99565217,Merced,CA
437,4/19/19,71.54818182,0,0,1011.703158,2.454545455,55.00681818,Merced,CA
438,4/20/19,61.46208333,0,0,1012.20619,2.208333333,49.54875,Merced,CA
439,4/21/19,61.02041667,0,0,1016.73,2.166666667,46.74625,Merced,CA
440,4/22/19,66.83666667,0,0,1015.965217,2.416666667,46.56916667,Merced,CA
441,4/23/19,70.94333333,0,0,1014.244783,2.434782609,49.47666667,Merced,CA
442,4/24/19,75.63666667,0,0,1012.397917,2.458333333,55.23208333,Merced,CA
443,4/25/19,77.11541667,0,0,1011.602609,2.5,55.49291667,Merced,CA
444,4/26/19,73.5975,0,0,1011.842727,2.5,48.565,Merced,CA
445,4/27/19,69.05666667,0,0,1011.09381,2.5,50.00458333,Merced,CA
446,4/28/19,65.39875,0,0,1008.282609,2.5,47.75416667,Merced,CA
447,4/29/19,63.34875,0,0,1007.086,2.5,48.98833333,Merced,CA
448,4/30/19,61.63833333,0,0,1011.548095,1.652173913,47.47083333,Merced,CA
449,5/1/19,63.025,0,0,1015.129048,2.5,43.84125,Merced,CA
450,5/2/19,67.10125,0,0,1014.721818,2.5,40.38125,Merced,CA
451,5/3/19,69.37625,0,0,1012.81,2.166666667,39.21875,Merced,CA
452,5/4/19,68.71166667,0,0,1010.07875,2.083333333,41.015,Merced,CA
453,5/5/19,62.2075,0,0,1008.45375,2,45.50791667,Merced,CA
454,5/6/19,62.39541667,0,0,1011.257083,1.916666667,48.19,Merced,CA
455,5/7/19,63.83291667,0,0,1015.614583,2,50.05541667,Merced,CA
456,5/8/19,66.6875,0,0,1012.85125,2.041666667,52.455,Merced,CA
457,5/9/19,65.58416667,0,0,1006.910833,2,53.03458333,Merced,CA
458,5/10/19,66.06833333,0,0,1008.429167,1.5,52.04083333,Merced,CA
459,5/11/19,70.21333333,0,0,1012.411667,2,51.7575,Merced,CA
460,5/12/19,70.5125,0,0,1012.417083,2.125,50.34125,Merced,CA
461,5/13/19,71.31166667,0,0,1014.039167,2.375,44.32833333,Merced,CA
462,5/14/19,66.96958333,0,0,1014.408333,2.25,50.38333333,Merced,CA
463,5/15/19,64.18333333,0.0099625,0.10875,1010.050833,1.458333333,52.67875,Merced,CA
464,5/16/19,58.84708333,0.004233333,0.210833333,1011.738333,1.291666667,50.34833333,Merced,CA
465,5/17/19,59.96041667,0,0,1018.647083,1.541666667,46.14458333,Merced,CA
466,5/18/19,57.15416667,0.002658333,0.168333333,1013.495,1.791666667,48.965,Merced,CA
467,5/19/19,56.6425,0.006641667,0.204583333,1009.599167,1.291666667,50.28791667,Merced,CA
468,5/20/19,59.22083333,0,0,1013.930417,1.708333333,47.60083333,Merced,CA
469,5/21/19,59.76666667,0,0,1012.271667,1.375,46.95708333,Merced,CA
470,5/22/19,62.04708333,0.000145833,0.004583333,1008.57125,1.125,48.41875,Merced,CA
471,5/23/19,63.83875,0,0,1009.23375,1.916666667,52.11458333,Merced,CA
472,5/24/19,66.5125,0,0,1014.114583,1.958333333,53.83041667,Merced,CA
473,5/25/19,64.46583333,0,0,1008.742917,2,48.19083333,Merced,CA
474,5/26/19,57.2175,0.005729167,0.023333333,1010.567083,1.166666667,47.29875,Merced,CA
475,5/27/19,59.08958333,0,0,1016.83,1.333333333,47.63166667,Merced,CA
476,5/28/19,65.1125,0,0,1014.90625,1.208333333,52.66541667,Merced,CA
477,5/29/19,72.44583333,0,0,1010.530833,2.375,55.24416667,Merced,CA
478,5/30/19,70.6775,0,0,1010.258333,2.291666667,53.81708333,Merced,CA
479,5/31/19,73.515,0,0,1009.877083,2,53.77583333,Merced,CA
480,2/1/19,54.08083333,0.004325,0.244166667,1010.201818,0.625,49.54541667,San Joaquin,CA
481,2/2/19,55.33125,0.015879167,0.452083333,1000.545455,0.583333333,47.195,San Joaquin,CA
482,2/3/19,52.48041667,0.011945833,0.408333333,1004.312083,0.458333333,47.02958333,San Joaquin,CA
483,2/4/19,47.46458333,0.0228875,0.61875,1003.646087,0.541666667,42.11416667,San Joaquin,CA
484,2/5/19,42.51130435,0.002726087,0.179130435,1010.7825,0.695652174,34.03391304,San Joaquin,CA
485,2/6/19,42.95916667,0,0,1021.786111,0.826086957,32.16958333,San Joaquin,CA
486,2/7/19,43.21869565,0,0,1025.273333,0.826086957,33.6526087,San Joaquin,CA
487,2/8/19,45.91041667,0.004263636,0.191818182,1017.894,0.695652174,38.04166667,San Joaquin,CA
488,2/9/19,47.81291667,0.002758333,0.172083333,1013.574167,0.625,42.40875,San Joaquin,CA
489,2/10/19,44.82,0.018191667,0.364166667,1015.371905,0.791666667,36.32458333,San Joaquin,CA
490,2/11/19,44.07208333,0,0,1023.521875,0.869565217,33.06625,San Joaquin,CA
491,2/12/19,43.89708333,0.000268182,0.015,1016.267143,0.782608696,35.53416667,San Joaquin,CA
492,2/13/19,54.0925,0.035652381,0.606666667,1004.472727,0.565217391,46.06625,San Joaquin,CA
493,2/14/19,56.41041667,0.007086957,0.344347826,1001.823636,0.681818182,49.00916667,San Joaquin,CA
494,2/15/19,48.21958333,0.00673913,0.276086957,1015.657917,0.708333333,40.92208333,San Joaquin,CA
495,2/16/19,46.84208333,0.002545833,0.175833333,1020.454737,0.791666667,39.81208333,San Joaquin,CA
496,2/17/19,44.3775,0.002158333,0.1475,1017.305238,0.75,36.50166667,San Joaquin,CA
497,2/18/19,44.33666667,2.50E-05,0.00125,1021.242273,0.739130435,30.05166667,San Joaquin,CA
498,2/19/19,44.75416667,0,0,1021.845625,0.916666667,28.90291667,San Joaquin,CA
499,2/20/19,46.78391304,0,0,1011.860526,0.869565217,36.06130435,San Joaquin,CA
500,2/21/19,46.375,0.0001125,0.0175,1006.108571,0.958333333,31.86125,San Joaquin,CA
501,2/22/19,45.42478261,0,0,1017.790588,1,24.87782609,San Joaquin,CA
502,2/23/19,46.14666667,0,0,1026.284286,0.956521739,31.30875,San Joaquin,CA
503,2/24/19,51.28272727,0,0,1021.927368,1.043478261,39.21318182,San Joaquin,CA
504,2/25/19,53.00125,1.30E-05,0.001304348,1016.099583,0.958333333,43.35708333,San Joaquin,CA
505,2/26/19,54.81826087,0.002445455,0.277727273,1014.295217,0.782608696,46.39956522,San Joaquin,CA
506,2/27/19,56.19375,0.010636364,0.378636364,1015.415714,0.695652174,48.48791667,San Joaquin,CA
507,2/28/19,51.72875,0.000478261,0.07826087,1019.985417,0.652173913,45.21791667,San Joaquin,CA
508,3/1/19,52.23043478,0,0,1017.674348,1,43.24391304,San Joaquin,CA
509,3/2/19,53.41818182,0.019666667,0.506190476,1011.363478,0.772727273,51.70909091,San Joaquin,CA
510,3/3/19,55.21318182,0.013684211,0.451578947,1016.442632,0.6,51.145,San Joaquin,CA
511,3/4/19,54.64181818,0,0,1018.642174,1.086956522,44.48181818,San Joaquin,CA
512,3/5/19,53.62956522,0.001269565,0.106521739,1012.343913,0.826086957,48.59782609,San Joaquin,CA
513,3/6/19,56.99565217,0.007604762,0.304761905,1007.208571,0.863636364,49.8673913,San Joaquin,CA
514,3/7/19,51.74217391,0.000568182,0.081363636,1015.440435,0.869565217,44.84043478,San Joaquin,CA
515,3/8/19,48.9775,1.74E-05,0.002173913,1017.187273,1.083333333,35.96958333,San Joaquin,CA
516,3/9/19,46.8173913,0.000266667,0.045238095,1014.957619,0.863636364,38.87869565,San Joaquin,CA
517,3/10/19,50.67772727,0.00074,0.0815,1014.231,1.318181818,42.305,San Joaquin,CA
518,3/11/19,52.30875,0,0,1016.156316,1.391304348,38.82166667,San Joaquin,CA
519,3/12/19,53.87304348,0,0,1011.401667,1.130434783,39.76173913,San Joaquin,CA
520,3/13/19,52.17565217,0,0,1019.230588,1.173913043,29.42652174,San Joaquin,CA
521,3/14/19,52.33625,0,0,1023.7075,1.416666667,33.3,San Joaquin,CA
522,3/15/19,54.00521739,0,0,1022.935333,1.260869565,38.14826087,San Joaquin,CA
523,3/16/19,57.03409091,0,0,1020.180833,1.19047619,39.88227273,San Joaquin,CA
524,3/17/19,58.78666667,0,0,1018.535385,1.5,44.07875,San Joaquin,CA
525,3/18/19,62.28208333,1.30E-05,0.001304348,1014.230769,1.565217391,46.64875,San Joaquin,CA
526,3/19/19,61.57458333,0,0,1010.605556,1.541666667,46.87916667,San Joaquin,CA
527,3/20/19,55.63956522,0.002590476,0.17,1015.231905,1.217391304,48.05130435,San Joaquin,CA
528,3/21/19,54.87958333,0,0,1018.655625,1.652173913,42.44333333,San Joaquin,CA
529,3/22/19,53.59208333,0.001408333,0.137083333,1021.527273,1.125,45.22458333,San Joaquin,CA
530,3/23/19,55.825,0.021645833,0.3975,1021.41619,1.25,47.79916667,San Joaquin,CA
531,3/24/19,54.25772727,0,0,1022.59,1.904761905,43.58181818,San Joaquin,CA
532,3/25/19,57.03217391,0,0,1018.188824,1.695652174,45.69347826,San Joaquin,CA
533,3/26/19,58.8725,0.001014286,0.125714286,1015.886667,1.173913043,50.68208333,San Joaquin,CA
534,3/27/19,59.57083333,0.00425,0.075909091,1014.105455,1.375,48.18333333,San Joaquin,CA
535,3/28/19,54.32041667,0.000425,0.0325,1023.2745,1.5,44.23458333,San Joaquin,CA
536,3/29/19,54.59375,0,0,1025.804783,1.75,44.51833333,San Joaquin,CA
537,3/30/19,57.09541667,0,0,1022.843182,1.833333333,44.05333333,San Joaquin,CA
538,3/31/19,60.6325,1.67E-05,0.003333333,1019.983636,1.833333333,43.95375,San Joaquin,CA
539,4/1/19,60.2175,0.00175,0.138333333,1014.930526,1.666666667,47.99,San Joaquin,CA
540,4/2/19,57.85458333,0.005904167,0.337916667,1011.86875,1.291666667,51.87666667,San Joaquin,CA
541,4/3/19,58.16458333,0,0,1016.346957,1.166666667,50.36208333,San Joaquin,CA
542,4/4/19,58.54956522,0,0,1015.878261,1.565217391,50.33391304,San Joaquin,CA
543,4/5/19,56.44625,0.002170833,0.162916667,1016.035417,1.291666667,50.74208333,San Joaquin,CA
544,4/6/19,60.78333333,8.70E-06,0.00173913,1019.039565,1.583333333,51.64666667,San Joaquin,CA
545,4/7/19,64.3875,0,0,1023.767143,1.956521739,54.13416667,San Joaquin,CA
546,4/8/19,65.64791667,0,0,1021.62087,1.739130435,55.21625,San Joaquin,CA
547,4/9/19,60.50173913,2.17E-05,0.00173913,1021.728182,2.043478261,43.23565217,San Joaquin,CA
548,4/10/19,59.90863636,0,0,1022.58381,1.636363636,38.17,San Joaquin,CA
549,4/11/19,59.81791667,0,0,1018.107083,1.916666667,43.40541667,San Joaquin,CA
550,4/12/19,61.20291667,0,0,1012.071667,2.166666667,42.0775,San Joaquin,CA
551,4/13/19,63.89041667,0,0,1014.770909,2.166666667,46.30208333,San Joaquin,CA
552,4/14/19,62.00833333,0,0,1012.371053,2.208333333,46.09,San Joaquin,CA
553,4/15/19,56.21666667,0.0001625,0.030833333,1011.271739,1.666666667,40.70791667,San Joaquin,CA
554,4/16/19,57.46304348,0.002942857,0.203333333,1015.658182,1.333333333,48.14826087,San Joaquin,CA
555,4/17/19,62.30857143,0,0,1021.547,1.444444444,47.96238095,San Joaquin,CA
556,4/18/19,69.18608696,0,0,1018.787895,2.347826087,52.12086957,San Joaquin,CA
557,4/19/19,70.36363636,2.38E-05,0.002380952,1011.961176,2.545454545,53.73681818,San Joaquin,CA
558,4/20/19,59.26708333,0,0,1012.006667,2.291666667,48.08583333,San Joaquin,CA
559,4/21/19,62.19166667,0,0,1016.904762,2.333333333,46.81,San Joaquin,CA
560,4/22/19,69.09958333,0,0,1016.04381,2.416666667,43.475,San Joaquin,CA
561,4/23/19,72.93041667,0,0,1014.359,2.416666667,47.95875,San Joaquin,CA
562,4/24/19,76.79708333,0,0,1012.289524,2.416666667,55.80208333,San Joaquin,CA
563,4/25/19,75,0,0,1011.783158,2.416666667,51.61458333,San Joaquin,CA
564,4/26/19,70.41916667,0,0,1012.0605,2.416666667,49.71375,San Joaquin,CA
565,4/27/19,67.08041667,0,0,1011.113478,2.5,48.53875,San Joaquin,CA
566,4/28/19,63.33083333,0,0,1008.458261,2.5,48.83958333,San Joaquin,CA
567,4/29/19,63.0575,0,0,1007.055217,2.5,48.38166667,San Joaquin,CA
568,4/30/19,61.055,0,0,1011.7525,1.956521739,46.48541667,San Joaquin,CA
569,5/1/19,63.56958333,0,0,1015.173182,2.5,41.97583333,San Joaquin,CA
570,5/2/19,66.05291667,4.17E-05,0.005416667,1014.93625,2.5,39.5325,San Joaquin,CA
571,5/3/19,67.90625,1.67E-05,0.001666667,1013.066667,2.083333333,38.73375,San Joaquin,CA
572,5/4/19,65.6975,4.17E-05,0.004166667,1010.620833,2,41.00041667,San Joaquin,CA
573,5/5/19,60.11625,0,0,1008.866667,1.916666667,45.05,San Joaquin,CA
574,5/6/19,60.23666667,0,0,1011.41625,1.75,47.905,San Joaquin,CA
575,5/7/19,62.22208333,0,0,1015.924583,1.916666667,49.60083333,San Joaquin,CA
576,5/8/19,64.46583333,0,0,1013.167917,2,52.25041667,San Joaquin,CA
577,5/9/19,63.2725,0,0,1007.267917,2,52.65708333,San Joaquin,CA
578,5/10/19,65.755,8.33E-06,0.002083333,1008.24125,1.916666667,51.01958333,San Joaquin,CA
579,5/11/19,66.67458333,8.33E-06,0.001666667,1012.6975,2.083333333,51.16583333,San Joaquin,CA
580,5/12/19,66.51375,2.50E-05,0.00625,1012.862917,2.208333333,49.83666667,San Joaquin,CA
581,5/13/19,67.98791667,1.25E-05,0.0025,1014.322083,2.25,45.44625,San Joaquin,CA
582,5/14/19,62.265,8.33E-06,0.00125,1015.095,2.458333333,49.68583333,San Joaquin,CA
583,5/15/19,61.89458333,0.0080375,0.279166667,1009.400417,1.416666667,53.06541667,San Joaquin,CA
584,5/16/19,56.60375,0.015895833,0.3675,1011.179583,1.166666667,48.6475,San Joaquin,CA
585,5/17/19,58.58083333,3.33E-05,0.015416667,1018.593333,1.166666667,45.21916667,San Joaquin,CA
586,5/18/19,55.53541667,0.014445833,0.315416667,1013.17375,1.791666667,47.4425,San Joaquin,CA
587,5/19/19,54.6425,0.015858333,0.49125,1008.998333,1.041666667,49.00583333,San Joaquin,CA
588,5/20/19,56.77958333,0,0,1013.97875,1.708333333,46.6375,San Joaquin,CA
589,5/21/19,58.00833333,0.0002625,0.037083333,1011.814167,1.375,47.2375,San Joaquin,CA
590,5/22/19,62.02958333,0.0010375,0.08,1008.42,1.458333333,47.77416667,San Joaquin,CA
591,5/23/19,66.66625,0,0,1008.51875,1.916666667,52.03875,San Joaquin,CA
592,5/24/19,65.34083333,0,0,1014.205,2.083333333,53.29041667,San Joaquin,CA
593,5/25/19,63.11916667,0,0,1008.6925,1.958333333,49.21333333,San Joaquin,CA
594,5/26/19,57.48583333,0.000941667,0.067916667,1009.8375,1.291666667,44.21125,San Joaquin,CA
595,5/27/19,59.825,0,0,1016.620417,1.25,47.53125,San Joaquin,CA
596,5/28/19,65.53,0,0,1014.590833,1.791666667,51.43541667,San Joaquin,CA
597,5/29/19,71.575,0,0,1010.45,2.333333333,52.99333333,San Joaquin,CA
598,5/30/19,67.0025,0,0,1010.66,2.166666667,52.36583333,San Joaquin,CA
599,5/31/19,72.36375,0,0,1010.019167,2.041666667,53.62416667,San Joaquin,CA
600,2/1/19,54.03958333,0.012870833,0.309166667,1009.85125,0.541666667,48.80041667,Solano,CA
601,2/2/19,53.745,0.018666667,0.5475,999.2616667,0.541666667,47.22458333,Solano,CA
602,2/3/19,51.44291667,0.0046125,0.273333333,1002.963333,0.5,46.1725,Solano,CA
603,2/4/19,46.19125,0.016208333,0.464583333,1002.100833,0.541666667,40.04,Solano,CA
604,2/5/19,41.22434783,9.13E-05,0.007391304,1011.226087,0.739130435,31.68391304,Solano,CA
605,2/6/19,42.83416667,0,0,1021.627083,0.739130435,31.8925,Solano,CA
606,2/7/19,42.63565217,0,0,1025.33087,0.826086957,33.36695652,Solano,CA
607,2/8/19,44.55708333,0.009031818,0.243181818,1018.70875,0.565217391,37.78416667,Solano,CA
608,2/9/19,45.89916667,0.008033333,0.397083333,1012.3275,0.625,41.15291667,Solano,CA
609,2/10/19,43.62666667,0.001716667,0.091666667,1015.5075,0.708333333,33.36708333,Solano,CA
610,2/11/19,42.88958333,0,0,1022.71125,0.739130435,33.63125,Solano,CA
611,2/12/19,41.97791667,0.0024,0.070454545,1017.127083,0.739130435,35.30583333,Solano,CA
612,2/13/19,49.95,0.075966667,0.967619048,1004.115,0.565217391,46.46916667,Solano,CA
613,2/14/19,54.45458333,0.037669565,0.652608696,1000.252917,0.681818182,48.58708333,Solano,CA
614,2/15/19,46.46791667,0.007382609,0.251304348,1014.4525,0.708333333,39.29833333,Solano,CA
615,2/16/19,46.38583333,0.002154167,0.139166667,1019.275833,0.75,38.23041667,Solano,CA
616,2/17/19,44.52625,0.000454167,0.038333333,1017.035833,0.833333333,34.95291667,Solano,CA
617,2/18/19,45.74833333,0,0,1022.377917,0.739130435,26.09,Solano,CA
618,2/19/19,46.2375,0,0,1021.899167,0.875,28.0975,Solano,CA
619,2/20/19,47.48086957,7.83E-05,0.013478261,1012.020435,0.869565217,36.10869565,Solano,CA
620,2/21/19,46.11333333,0,0,1008.365833,0.958333333,27.54375,Solano,CA
621,2/22/19,46.24304348,0,0,1019.099565,1,21.77913043,Solano,CA
622,2/23/19,45.00833333,0,0,1026.027083,0.782608696,33.47625,Solano,CA
623,2/24/19,49.48136364,0,0,1022.431739,0.826086957,41.365,Solano,CA
624,2/25/19,50.83416667,0.011686957,0.375652174,1015.297917,0.75,44.96958333,Solano,CA
625,2/26/19,52.64478261,0.045563636,0.882272727,1012.99,0.782608696,48.31478261,Solano,CA
626,2/27/19,53.53375,0.0205,0.489090909,1014.6775,0.652173913,48.9375,Solano,CA
627,2/28/19,50.59416667,0,0,1020.170833,0.782608696,39.95708333,Solano,CA
628,3/1/19,50.1273913,0,0,1018.012174,0.909090909,41.34869565,Solano,CA
629,3/2/19,51.37363636,0.014157143,0.338571429,1012.06913,0.772727273,47.82818182,Solano,CA
630,3/3/19,53.96727273,0,0,1016.620909,0.65,48.88181818,Solano,CA
631,3/4/19,52.51409091,0,0,1018.69,0.913043478,45.54227273,Solano,CA
632,3/5/19,52.15304348,0.002395652,0.209130435,1012.073043,0.826086957,47.76826087,Solano,CA
633,3/6/19,54.36565217,0.025814286,0.605714286,1006.083913,0.727272727,49.48826087,Solano,CA
634,3/7/19,50.49,0.0001,0.011818182,1015.087826,0.956521739,41.41130435,Solano,CA
635,3/8/19,47.60958333,0,0,1015.945,1.166666667,34.98125,Solano,CA
636,3/9/19,46.73782609,0.003309524,0.171428571,1014.46,0.909090909,39.80086957,Solano,CA
637,3/10/19,48.79272727,0.00095,0.084,1014.744545,1.090909091,42.09636364,Solano,CA
638,3/11/19,52.21041667,0,0,1016.650833,1.391304348,36.73583333,Solano,CA
639,3/12/19,53.28434783,0,0,1012.009167,1.260869565,37.24652174,Solano,CA
640,3/13/19,52.14434783,0,0,1021.15,1.173913043,27.58086957,Solano,CA
641,3/14/19,54.61208333,0,0,1024.101667,1.416666667,29.03916667,Solano,CA
642,3/15/19,52.80434783,0,0,1022.781304,1.304347826,36.38086957,Solano,CA
643,3/16/19,56.02545455,0,0,1020.011364,1.19047619,39.78909091,Solano,CA
644,3/17/19,57.71958333,0,0,1018.556957,1.458333333,42.76,Solano,CA
645,3/18/19,59.9375,0,0,1014.68125,1.52173913,45.07708333,Solano,CA
646,3/19/19,59.36833333,0,0,1011.424167,1.458333333,44.72666667,Solano,CA
647,3/20/19,54.3473913,0.01277619,0.315238095,1015.022609,1.217391304,46.23173913,Solano,CA
648,3/21/19,51.96291667,0,0,1019.060833,1.52173913,41.37208333,Solano,CA
649,3/22/19,51.42833333,0.008058333,0.383333333,1021.487917,1.041666667,46.53333333,Solano,CA
650,3/23/19,54.59333333,0.008804167,0.245416667,1021.417917,1.458333333,46.11291667,Solano,CA
651,3/24/19,53.46545455,0,0,1022.662273,2,43.05363636,Solano,CA
652,3/25/19,54.22043478,0.0129,0.270869565,1018.266957,1.173913043,46.09521739,Solano,CA
653,3/26/19,55.64208333,0.002152381,0.12952381,1016.161667,1.52173913,46.93375,Solano,CA
654,3/27/19,55.87041667,0.009031818,0.21,1014.2775,1.25,47.54625,Solano,CA
655,3/28/19,52.22833333,0.0006625,0.036666667,1023.235,1.375,45.23166667,Solano,CA
656,3/29/19,52.41416667,0,0,1026.440833,1.791666667,43.57041667,Solano,CA
657,3/30/19,56.21416667,0,0,1023.064583,1.833333333,43.03208333,Solano,CA
658,3/31/19,59.36208333,0,0,1019.97625,1.833333333,43.4275,Solano,CA
659,4/1/19,58.23625,0.0008,0.0775,1015.389583,1.5,47.72208333,Solano,CA
660,4/2/19,56.17041667,0.0001875,0.040416667,1012.054167,1.25,50.33666667,Solano,CA
661,4/3/19,56.02583333,2.50E-05,0.0025,1016.575,1.208333333,49.58375,Solano,CA
662,4/4/19,56.68130435,0,0,1016.203913,1.391304348,49.15391304,Solano,CA
663,4/5/19,55.71916667,0.002683333,0.099166667,1016.062083,1.208333333,49.63791667,Solano,CA
664,4/6/19,58.38958333,0,0,1019.31,1.333333333,51.20833333,Solano,CA
665,4/7/19,62.52958333,0,0,1023.840833,1.782608696,54.70541667,Solano,CA
666,4/8/19,62.49583333,4.35E-05,0.005217391,1021.844583,1.47826087,55.82333333,Solano,CA
667,4/9/19,59.02086957,0,0,1022.662174,2.086956522,42.64782609,Solano,CA
668,4/10/19,59.43181818,0,0,1024.371818,1.636363636,38.78681818,Solano,CA
669,4/11/19,59.095,0,0,1019.234583,1.833333333,42.48083333,Solano,CA
670,4/12/19,60.34875,0,0,1013.235,2.166666667,41.59541667,Solano,CA
671,4/13/19,61.87708333,0,0,1014.787083,2.208333333,46.63083333,Solano,CA
672,4/14/19,58.04375,0,0,1012.532917,2.208333333,46.26583333,Solano,CA
673,4/15/19,53.40958333,0.0011875,0.084166667,1011.2775,1.5,41.43666667,Solano,CA
674,4/16/19,56.35130435,0.000495238,0.051904762,1016.199565,1.285714286,47.48869565,Solano,CA
675,4/17/19,60.5547619,0,0,1021.579545,1.5,48.58047619,Solano,CA
676,4/18/19,66.2273913,0,0,1019.314348,2.347826087,51.54130435,Solano,CA
677,4/19/19,65.56681818,0,0,1012.415455,2.5,52.80954545,Solano,CA
678,4/20/19,58.63708333,0,0,1011.557917,2.208333333,48.75541667,Solano,CA
679,4/21/19,60.59166667,0,0,1017.416667,2.333333333,46.71833333,Solano,CA
680,4/22/19,68.66291667,0,0,1017.137083,2.333333333,43.20041667,Solano,CA
681,4/23/19,74.45916667,0,0,1014.525833,2.333333333,49.93458333,Solano,CA
682,4/24/19,73.79041667,0,0,1012.58,2.375,56.46916667,Solano,CA
683,4/25/19,68.73958333,0,0,1012.333043,2.416666667,52.96791667,Solano,CA
684,4/26/19,65.34083333,0,0,1012.839583,2.416666667,51.33958333,Solano,CA
685,4/27/19,60.72666667,0,0,1011.766667,2.416666667,50.21916667,Solano,CA
686,4/28/19,59.38666667,0,0,1009.259583,2.375,49.57958333,Solano,CA
687,4/29/19,58.00041667,0,0,1007.41,2.5,48.60458333,Solano,CA
688,4/30/19,58.4925,0,0,1011.932917,2.173913043,46.53458333,Solano,CA
689,5/1/19,62.07958333,0,0,1015.4825,2.5,43.10333333,Solano,CA
690,5/2/19,63.74583333,0,0,1015.401667,2.541666667,40.75,Solano,CA
691,5/3/19,64.40166667,0,0,1013.5,2.083333333,42.40916667,Solano,CA
692,5/4/19,59.66166667,0,0,1011.0775,2,44.04916667,Solano,CA
693,5/5/19,55.58958333,0,0,1009.02875,1.916666667,45.58,Solano,CA
694,5/6/19,56.19125,0,0,1011.387083,1.666666667,47.5,Solano,CA
695,5/7/19,59.29625,0,0,1016.021667,1.875,49.79416667,Solano,CA
696,5/8/19,60.70125,0,0,1013.43875,2,52.51208333,Solano,CA
697,5/9/19,58.28583333,0,0,1007.595,2,51.57708333,Solano,CA
698,5/10/19,64.29708333,0,0,1008.348333,2,49.45333333,Solano,CA
699,5/11/19,61.50708333,0,0,1012.927917,2.166666667,51.22208333,Solano,CA
700,5/12/19,61.83208333,0,0,1013.068333,2.208333333,50.54625,Solano,CA
701,5/13/19,61.94583333,0,0,1014.61,2.166666667,47.4325,Solano,CA
702,5/14/19,58.435,0,0,1015.133333,1.916666667,48.42208333,Solano,CA
703,5/15/19,58.93166667,0.0240375,0.447916667,1009.239583,1.25,53.45333333,Solano,CA
704,5/16/19,54.59666667,0.009175,0.293333333,1010.605417,1.041666667,48.46958333,Solano,CA
705,5/17/19,57.04916667,0,0,1018.171667,1.541666667,46.15666667,Solano,CA
706,5/18/19,52.36333333,0.016520833,0.363333333,1012.890833,1.541666667,47.35958333,Solano,CA
707,5/19/19,52.975,0.011975,0.362083333,1008.777083,1,47.98708333,Solano,CA
708,5/20/19,54.98791667,0,0,1014.08125,1.625,46.47708333,Solano,CA
709,5/21/19,56.795,0.001629167,0.080416667,1011.47375,1.333333333,47.51416667,Solano,CA
710,5/22/19,62.085,0,0,1008.934583,1.75,46.76416667,Solano,CA
711,5/23/19,65.95208333,0,0,1008.621667,1.958333333,51.1425,Solano,CA
712,5/24/19,61.135,0,0,1014.155417,2.208333333,52.06666667,Solano,CA
713,5/25/19,59.26833333,0,0,1008.894167,1.291666667,50.04166667,Solano,CA
714,5/26/19,55.26791667,0.001545833,0.0575,1009.225417,1.041666667,45.23166667,Solano,CA
715,5/27/19,58.35458333,0,0,1016.557917,1.458333333,48.92375,Solano,CA
716,5/28/19,63.94833333,0,0,1014.69125,2.041666667,52.75708333,Solano,CA
717,5/29/19,67.04541667,0,0,1010.730417,2.25,53.47625,Solano,CA
718,5/30/19,62.06958333,0,0,1011.26125,2.125,52.50291667,Solano,CA
719,5/31/19,68.62833333,0,0,1010.6875,2.125,54.59916667,Solano,CA
720,2/1/19,54.12791667,0.005691667,0.2175,1010.201818,0.625,49.72041667,Stanislaus,CA
721,2/2/19,55.60583333,0.024716667,0.585,1000.545455,0.583333333,47.95041667,Stanislaus,CA
722,2/3/19,53.12916667,0.0042875,0.272916667,1004.312083,0.5,47.27666667,Stanislaus,CA
723,2/4/19,48.56166667,0.015245833,0.399583333,1003.646087,0.583333333,42.71375,Stanislaus,CA
724,2/5/19,43.02347826,0.002195652,0.153913043,1010.7825,0.652173913,34.68956522,Stanislaus,CA
725,2/6/19,42.53583333,0,0,1021.786111,0.826086957,32.03083333,Stanislaus,CA
726,2/7/19,43.09043478,0,0,1025.273333,0.869565217,33.7126087,Stanislaus,CA
727,2/8/19,45.56666667,0.0027,0.172727273,1017.894,0.695652174,37.7025,Stanislaus,CA
728,2/9/19,48.45833333,0.000175,0.014166667,1013.574167,0.625,42.38416667,Stanislaus,CA
729,2/10/19,45.33958333,0.011791667,0.367083333,1015.371905,0.666666667,36.54041667,Stanislaus,CA
730,2/11/19,43.71041667,0,0,1023.521875,0.869565217,32.79083333,Stanislaus,CA
731,2/12/19,43.94291667,0,0,1016.267143,0.782608696,35.76458333,Stanislaus,CA
732,2/13/19,55.39875,0.011685714,0.40047619,1004.472727,0.565217391,45.85791667,Stanislaus,CA
733,2/14/19,57.35166667,0.012473913,0.350434783,1001.823636,0.727272727,49.91083333,Stanislaus,CA
734,2/15/19,48.82458333,0.0046,0.335217391,1015.657917,0.708333333,42.09458333,Stanislaus,CA
735,2/16/19,46.40458333,0.002166667,0.214166667,1020.454737,0.75,40.48291667,Stanislaus,CA
736,2/17/19,43.80416667,0.003166667,0.1625,1017.305238,0.75,36.80708333,Stanislaus,CA
737,2/18/19,44.16333333,0,0,1021.242273,0.739130435,30.76625,Stanislaus,CA
738,2/19/19,44.22666667,0,0,1021.845625,0.958333333,29.51,Stanislaus,CA
739,2/20/19,46.16652174,0,0,1011.860526,0.739130435,35.72695652,Stanislaus,CA
740,2/21/19,46.38375,0.000120833,0.00625,1006.108571,0.958333333,33.11166667,Stanislaus,CA
741,2/22/19,45.06608696,0,0,1017.790588,1.043478261,26.27434783,Stanislaus,CA
742,2/23/19,45.84291667,0,0,1026.284286,1.043478261,31.8375,Stanislaus,CA
743,2/24/19,51.25318182,0,0,1021.927368,1.043478261,38.55,Stanislaus,CA
744,2/25/19,53.7425,0,0,1016.099583,1,43.67541667,Stanislaus,CA
745,2/26/19,55.81565217,9.55E-05,0.025,1014.295217,0.782608696,45.04043478,Stanislaus,CA
746,2/27/19,57.38208333,0.002472727,0.222272727,1015.415714,0.695652174,48.13458333,Stanislaus,CA
747,2/28/19,52.60916667,0,0,1019.985417,0.652173913,46.46041667,Stanislaus,CA
748,3/1/19,52.73826087,0,0,1017.674348,1,43.85217391,Stanislaus,CA
749,3/2/19,55.31,0.022757143,0.434285714,1011.363478,0.863636364,52.56136364,Stanislaus,CA
750,3/3/19,56.11863636,0.006284211,0.325789474,1016.442632,0.65,51.57272727,Stanislaus,CA
751,3/4/19,55.21409091,0,0,1018.642174,1.173913043,44.21181818,Stanislaus,CA
752,3/5/19,53.7026087,0.002013043,0.126521739,1012.343913,0.869565217,48.85652174,Stanislaus,CA
753,3/6/19,57.61956522,0.006614286,0.280952381,1007.208571,1,50.13,Stanislaus,CA
754,3/7/19,52.18478261,0.002854545,0.213636364,1015.440435,0.869565217,46.06391304,Stanislaus,CA
755,3/8/19,49.47958333,0.000147826,0.014782609,1017.187273,1.041666667,36.37416667,Stanislaus,CA
756,3/9/19,46.82130435,0.001761905,0.145238095,1014.957619,0.909090909,39.33043478,Stanislaus,CA
757,3/10/19,51.01090909,0.00028,0.05,1014.231,1.318181818,42.16090909,Stanislaus,CA
758,3/11/19,52.5775,0,0,1016.156316,1.391304348,39.3925,Stanislaus,CA
759,3/12/19,54.03521739,0,0,1011.401667,1.086956522,40.00565217,Stanislaus,CA
760,3/13/19,52.32130435,0,0,1019.230588,1.217391304,30.01695652,Stanislaus,CA
761,3/14/19,52.35208333,0,0,1023.7075,1.416666667,34.28,Stanislaus,CA
762,3/15/19,54.28391304,0,0,1022.935333,1.260869565,39.27521739,Stanislaus,CA
763,3/16/19,57.01727273,0,0,1020.180833,1.238095238,40.82,Stanislaus,CA
764,3/17/19,59.11458333,0,0,1018.535385,1.541666667,44.62416667,Stanislaus,CA
765,3/18/19,62.63791667,0,0,1014.230769,1.565217391,47.33166667,Stanislaus,CA
766,3/19/19,62.10083333,8.26E-05,0.00826087,1010.605556,1.583333333,47.4975,Stanislaus,CA
767,3/20/19,55.79913043,0.003342857,0.18952381,1015.245714,1.130434783,48.61913043,Stanislaus,CA
768,3/21/19,55.5125,0,0,1018.655625,1.652173913,42.57333333,Stanislaus,CA
769,3/22/19,54.35958333,0.000841667,0.071666667,1021.527273,1.125,44.75833333,Stanislaus,CA
770,3/23/19,56.345,0.021508333,0.435416667,1021.41619,1.291666667,48.09958333,Stanislaus,CA
771,3/24/19,54.74545455,0,0,1022.5985,2,43.50454545,Stanislaus,CA
772,3/25/19,57.97478261,0,0,1018.188824,1.695652174,45.31,Stanislaus,CA
773,3/26/19,59.41666667,0.00012381,0.038571429,1015.886667,1.086956522,51.34375,Stanislaus,CA
774,3/27/19,60.76166667,0.000727273,0.03,1014.128182,1.291666667,48.95541667,Stanislaus,CA
775,3/28/19,54.94375,0.001433333,0.096666667,1023.271,1.625,44.25166667,Stanislaus,CA
776,3/29/19,54.82,0,0,1025.804783,1.666666667,44.50166667,Stanislaus,CA
777,3/30/19,57.0575,0,0,1022.843182,1.833333333,44.1875,Stanislaus,CA
778,3/31/19,60.5325,0,0,1019.983636,1.833333333,44.87083333,Stanislaus,CA
779,4/1/19,60.485,0.000891667,0.056666667,1014.930526,1.708333333,48.92541667,Stanislaus,CA
780,4/2/19,58.56541667,0.0019,0.17625,1011.86875,1.291666667,52.49458333,Stanislaus,CA
781,4/3/19,58.92,0,0,1016.346957,1.166666667,50.46916667,Stanislaus,CA
782,4/4/19,59.39608696,0,0,1015.878261,1.565217391,50.37608696,Stanislaus,CA
783,4/5/19,57.23958333,0.0001375,0.01375,1016.035417,1.333333333,50.18916667,Stanislaus,CA
784,4/6/19,61.72291667,0,0,1019.039565,1.791666667,51.17166667,Stanislaus,CA
785,4/7/19,65.31083333,0,0,1023.767143,1.956521739,54.445,Stanislaus,CA
786,4/8/19,66.415,0,0,1021.62087,1.739130435,55.39833333,Stanislaus,CA
787,4/9/19,61.24304348,0,0,1021.728182,2,43.60869565,Stanislaus,CA
788,4/10/19,60.48545455,0,0,1022.58381,1.681818182,37.81772727,Stanislaus,CA
789,4/11/19,60.29083333,0,0,1018.107083,1.875,43.11333333,Stanislaus,CA
790,4/12/19,61.74916667,0,0,1012.071667,2.166666667,41.33125,Stanislaus,CA
791,4/13/19,63.71208333,0,0,1014.770909,2.166666667,46.24,Stanislaus,CA
792,4/14/19,63.71791667,0,0,1012.371053,2.208333333,46.125,Stanislaus,CA
793,4/15/19,58.07833333,9.17E-05,0.015833333,1011.271739,1.708333333,39.43708333,Stanislaus,CA
794,4/16/19,58.25434783,0.000571429,0.07047619,1015.658182,1.285714286,47.81304348,Stanislaus,CA
795,4/17/19,62.4747619,0,0,1021.547,1.444444444,47.81285714,Stanislaus,CA
796,4/18/19,69.59043478,0,0,1018.787895,2.391304348,52.40782609,Stanislaus,CA
797,4/19/19,71.90772727,0,0,1011.961176,2.454545455,54.01909091,Stanislaus,CA
798,4/20/19,60.97208333,0,0,1012.006667,2.125,48.09208333,Stanislaus,CA
799,4/21/19,62.32083333,0,0,1016.904762,2.291666667,46.29583333,Stanislaus,CA
800,4/22/19,68.9625,0,0,1016.04381,2.416666667,44.10375,Stanislaus,CA
801,4/23/19,72.65291667,0,0,1014.359,2.416666667,47.88666667,Stanislaus,CA
802,4/24/19,76.91458333,0,0,1012.289524,2.416666667,55.73583333,Stanislaus,CA
803,4/25/19,76.93416667,0,0,1011.783158,2.458333333,53.51791667,Stanislaus,CA
804,4/26/19,72.72416667,0,0,1012.0605,2.5,48.17125,Stanislaus,CA
805,4/27/19,69.34458333,0,0,1011.113478,2.5,48.46,Stanislaus,CA
806,4/28/19,65.16625,0,0,1008.458261,2.5,48.7275,Stanislaus,CA
807,4/29/19,64.75958333,0,0,1007.055217,2.5,48.3675,Stanislaus,CA
808,4/30/19,62.12083333,0,0,1011.7525,1.739130435,46.59,Stanislaus,CA
809,5/1/19,64.0925,0,0,1015.173182,2.5,41.97791667,Stanislaus,CA
810,5/2/19,67.27541667,0,0,1014.93625,2.5,39.40708333,Stanislaus,CA
811,5/3/19,68.60916667,0,0,1012.96375,2.083333333,38.41291667,Stanislaus,CA
812,5/4/19,68.635,0,0,1010.313333,2,40.49416667,Stanislaus,CA
813,5/5/19,63.42708333,0,0,1008.632083,1.958333333,45.28125,Stanislaus,CA
814,5/6/19,63.58166667,0,0,1011.271667,1.875,47.32958333,Stanislaus,CA
815,5/7/19,64.62791667,0,0,1015.742917,2,49.97125,Stanislaus,CA
816,5/8/19,67.34,0,0,1013.011667,2,52.04458333,Stanislaus,CA
817,5/9/19,66.83541667,0,0,1007.007917,2,53.21791667,Stanislaus,CA
818,5/10/19,66.48666667,0,0,1008.240417,1.666666667,51.7275,Stanislaus,CA
819,5/11/19,70.5325,0,0,1012.492917,2.041666667,51.92,Stanislaus,CA
820,5/12/19,70.37583333,0,0,1012.622917,2.208333333,49.91708333,Stanislaus,CA
821,5/13/19,71.33708333,0,0,1014.077083,2.375,43.94875,Stanislaus,CA
822,5/14/19,65.775,0,0,1014.799167,2.458333333,49.81166667,Stanislaus,CA
823,5/15/19,64.11958333,0.005054167,0.191666667,1009.676667,1.333333333,52.33875,Stanislaus,CA
824,5/16/19,58.79166667,0.016075,0.287916667,1011.4375,1.166666667,49.67708333,Stanislaus,CA
825,5/17/19,60.03833333,0,0,1018.668333,1.208333333,44.52875,Stanislaus,CA
826,5/18/19,56.9025,0.009833333,0.259166667,1013.346667,1.75,47.65541667,Stanislaus,CA
827,5/19/19,56.47083333,0.013604167,0.33125,1009.224167,1.041666667,49.21208333,Stanislaus,CA
828,5/20/19,58.425,6.67E-05,0.010416667,1013.889583,1.708333333,46.60791667,Stanislaus,CA
829,5/21/19,59.44,0,0,1012.100417,1.375,47.155,Stanislaus,CA
830,5/22/19,62.90041667,0.000691667,0.060416667,1008.443333,1.375,47.77083333,Stanislaus,CA
831,5/23/19,66.26583333,0,0,1008.755417,1.875,51.88916667,Stanislaus,CA
832,5/24/19,67.17875,0,0,1014.106667,1.916666667,54.48666667,Stanislaus,CA
833,5/25/19,66.4125,0,0,1008.565417,2.041666667,49.91,Stanislaus,CA
834,5/26/19,58.17,0.003733333,0.15875,1010.122083,1.25,46.31791667,Stanislaus,CA
835,5/27/19,59.90958333,0,0,1016.657083,1.208333333,47.45125,Stanislaus,CA
836,5/28/19,66.005,0,0,1014.640833,1.666666667,51.885,Stanislaus,CA
837,5/29/19,72.88208333,0,0,1010.353333,2.375,54.87791667,Stanislaus,CA
838,5/30/19,70.44,0,0,1010.343333,2.166666667,53.28166667,Stanislaus,CA
839,5/31/19,74.17958333,0,0,1009.842083,2,53.1825,Stanislaus,CA
840,2/1/19,53.9325,0.013129167,0.287916667,1009.90375,0.583333333,49.06166667,Yolo,CA
841,2/2/19,53.48125,0.027558333,0.7125,999.4208333,0.458333333,47.89458333,Yolo,CA
842,2/3/19,51.14375,0.006041667,0.385833333,1002.997083,0.458333333,46.09958333,Yolo,CA
843,2/4/19,46.24375,0.013779167,0.385416667,1002.068333,0.5,39.80541667,Yolo,CA
844,2/5/19,40.85521739,0.000330435,0.023478261,1011.225652,0.652173913,31.72478261,Yolo,CA
845,2/6/19,41.65083333,0,0,1021.73913,0.636363636,31.66958333,Yolo,CA
846,2/7/19,41.43565217,0,0,1025.564545,0.782608696,32.83956522,Yolo,CA
847,2/8/19,43.71083333,0.008963636,0.278636364,1018.626667,0.565217391,37.02166667,Yolo,CA
848,2/9/19,45.03125,0.007833333,0.465416667,1012.302917,0.583333333,41.1,Yolo,CA
849,2/10/19,43.62375,0.000779167,0.045,1015.4625,0.708333333,32.18458333,Yolo,CA
850,2/11/19,42.0475,0,0,1022.883478,0.772727273,32.79333333,Yolo,CA
851,2/12/19,41.87916667,0.001668182,0.069090909,1017.206667,0.782608696,34.98375,Yolo,CA
852,2/13/19,48.96333333,0.083880952,0.986190476,1004.18,0.565217391,46.04166667,Yolo,CA
853,2/14/19,54.67375,0.038152174,0.59826087,1000.137083,0.727272727,48.58083333,Yolo,CA
854,2/15/19,45.8,0.00796087,0.270434783,1014.479583,0.708333333,39.35666667,Yolo,CA
855,2/16/19,46.39208333,0.000725,0.068333333,1019.11375,0.708333333,37.66208333,Yolo,CA
856,2/17/19,43.59416667,0.00035,0.037083333,1017.140833,0.75,34.48875,Yolo,CA
857,2/18/19,45.42958333,0,0,1022.33625,0.739130435,25.95583333,Yolo,CA
858,2/19/19,45.98541667,0,0,1021.966522,0.875,27.9025,Yolo,CA
859,2/20/19,47.10434783,1.74E-05,0.003043478,1012.032609,0.869565217,35.01913043,Yolo,CA
860,2/21/19,45.71583333,0,0,1008.23625,0.916666667,27.2025,Yolo,CA
861,2/22/19,45.83608696,0,0,1019.067826,0.913043478,21.66956522,Yolo,CA
862,2/23/19,44.79666667,0,0,1026.038333,0.782608696,32.50875,Yolo,CA
863,2/24/19,49.24681818,0,0,1022.363913,0.826086957,41.17454545,Yolo,CA
864,2/25/19,49.93041667,0.021421739,0.483913043,1015.327917,0.75,45.39875,Yolo,CA
865,2/26/19,51.47478261,0.060640909,0.993181818,1013,0.782608696,48.57652174,Yolo,CA
866,2/27/19,52.95416667,0.025690909,0.526818182,1014.638333,0.652173913,48.56833333,Yolo,CA
867,2/28/19,50.71,0,0,1020.158333,0.782608696,39.18583333,Yolo,CA
868,3/1/19,50.63956522,0,0,1017.940435,0.863636364,41.76347826,Yolo,CA
869,3/2/19,50.87,0.014195238,0.347619048,1012.035217,0.772727273,48.02272727,Yolo,CA
870,3/3/19,54.08909091,0.000168421,0.027368421,1016.561818,0.65,49.24136364,Yolo,CA
871,3/4/19,52.95909091,0,0,1018.676087,0.913043478,45.37909091,Yolo,CA
872,3/5/19,51.94043478,0.004086957,0.275217391,1012.038261,0.826086957,47.6826087,Yolo,CA
873,3/6/19,54.23956522,0.025690476,0.58952381,1006.106957,0.681818182,49.70173913,Yolo,CA
874,3/7/19,50.92695652,0.000104545,0.015,1015.063913,0.782608696,41.99391304,Yolo,CA
875,3/8/19,47.45875,0,0,1015.895833,1.125,35.41625,Yolo,CA
876,3/9/19,46.30782609,0.003966667,0.186666667,1014.473478,0.863636364,39.28869565,Yolo,CA
877,3/10/19,49.43272727,0.00109,0.0795,1014.851818,1.090909091,41.36227273,Yolo,CA
878,3/11/19,53.14708333,0,0,1016.702174,1.391304348,36.00416667,Yolo,CA
879,3/12/19,53.5773913,0,0,1011.8,1,35.3373913,Yolo,CA
880,3/13/19,51.85391304,0,0,1021.144783,1.173913043,26.95478261,Yolo,CA
881,3/14/19,54.38208333,0,0,1024.206522,1.375,28.01583333,Yolo,CA
882,3/15/19,53.34565217,0,0,1022.864762,1.260869565,34.71782609,Yolo,CA
883,3/16/19,56.13590909,0,0,1020.320455,1.19047619,39.31727273,Yolo,CA
884,3/17/19,58.10333333,0,0,1018.982174,1.458333333,42.23375,Yolo,CA
885,3/18/19,59.88208333,0,0,1015.02,1.47826087,44.16958333,Yolo,CA
886,3/19/19,60.45625,0,0,1011.258636,1.458333333,43.9525,Yolo,CA
887,3/20/19,54.68956522,0.011380952,0.378095238,1015.056522,1.173913043,45.99913043,Yolo,CA
888,3/21/19,52.09375,0,0,1019.039583,1.52173913,41.11041667,Yolo,CA
889,3/22/19,50.67375,0.013041667,0.498333333,1021.469583,1,45.92708333,Yolo,CA
890,3/23/19,54.52875,0.011325,0.23875,1021.41,1.208333333,46.12583333,Yolo,CA
891,3/24/19,53.25454545,0,0,1022.656818,1.952380952,42.71,Yolo,CA
892,3/25/19,53.46217391,0.00933913,0.255652174,1018.213478,1.130434783,46.39086957,Yolo,CA
893,3/26/19,55.84541667,0.0018,0.120952381,1016.115833,1.52173913,46.35,Yolo,CA
894,3/27/19,55.48833333,0.015531818,0.304090909,1014.272917,1.25,47.18875,Yolo,CA
895,3/28/19,51.21375,0.0053125,0.161666667,1023.2325,1.416666667,45.16458333,Yolo,CA
896,3/29/19,52.50208333,0,0,1026.416667,1.791666667,43.09625,Yolo,CA
897,3/30/19,56.1975,0,0,1023.089167,1.791666667,42.03916667,Yolo,CA
898,3/31/19,59.50208333,0,0,1019.978333,1.833333333,42.33375,Yolo,CA
899,4/1/19,58.61416667,0.001020833,0.077916667,1015.329167,1.458333333,47.48708333,Yolo,CA
900,4/2/19,56.05291667,0.000570833,0.05875,1011.99875,1.208333333,49.8125,Yolo,CA
901,4/3/19,56.28041667,0,0,1016.543333,1.208333333,49.14125,Yolo,CA
902,4/4/19,56.98956522,0,0,1016.172174,1.434782609,48.78565217,Yolo,CA
903,4/5/19,55.32833333,0.0045125,0.1575,1016.045,1.166666667,49.8025,Yolo,CA
904,4/6/19,58.43041667,5.22E-05,0.003478261,1019.278333,1.375,51.30083333,Yolo,CA
905,4/7/19,63.32375,0,0,1023.859583,1.782608696,54.82375,Yolo,CA
906,4/8/19,63.14291667,4.78E-05,0.002608696,1021.779583,1.434782609,55.93833333,Yolo,CA
907,4/9/19,59.52086957,0,0,1022.503913,2.086956522,40.58826087,Yolo,CA
908,4/10/19,59.62863636,0,0,1024.216818,1.590909091,37.06181818,Yolo,CA
909,4/11/19,60.05833333,0,0,1018.931667,1.833333333,41.11625,Yolo,CA
910,4/12/19,60.93083333,0,0,1012.957083,2.125,39.5375,Yolo,CA
911,4/13/19,62.62416667,0,0,1014.744167,2.208333333,45.41583333,Yolo,CA
912,4/14/19,59.87291667,0,0,1012.145,2.083333333,45.53041667,Yolo,CA
913,4/15/19,53.08625,0.001220833,0.070416667,1011.13375,1.416666667,40.51041667,Yolo,CA
914,4/16/19,56.56956522,0.000309524,0.022857143,1016.146957,1.142857143,47.31956522,Yolo,CA
915,4/17/19,61.28238095,0,0,1021.543182,1.5,48.09809524,Yolo,CA
916,4/18/19,67.5173913,0,0,1019.298696,2.347826087,51.47391304,Yolo,CA
917,4/19/19,67.81545455,0,0,1012.322857,2.363636364,52.81681818,Yolo,CA
918,4/20/19,60.4175,0,0,1011.189583,2.25,48.76791667,Yolo,CA
919,4/21/19,62.50208333,0,0,1017.197391,2.333333333,45.05166667,Yolo,CA
920,4/22/19,70.47041667,0,0,1017.049167,2.333333333,40.73333333,Yolo,CA
921,4/23/19,76.53625,0,0,1014.49625,2.333333333,48.74833333,Yolo,CA
922,4/24/19,75.70125,0,0,1012.552917,2.333333333,56.35041667,Yolo,CA
923,4/25/19,72.0025,0,0,1011.993043,2.416666667,54.33333333,Yolo,CA
924,4/26/19,68.60333333,0,0,1012.4975,2.416666667,50.65375,Yolo,CA
925,4/27/19,64,0,0,1011.319167,2.416666667,51.46166667,Yolo,CA
926,4/28/19,62.14708333,0,0,1008.9275,2.291666667,50.49541667,Yolo,CA
927,4/29/19,59.96583333,0,0,1006.887917,2.458333333,49.08333333,Yolo,CA
928,4/30/19,59.2475,0,0,1011.697917,1.956521739,45.36458333,Yolo,CA
929,5/1/19,63.19708333,0,0,1015.44125,2.5,39.20416667,Yolo,CA
930,5/2/19,65.15125,0,0,1015.324583,2.5,39.59833333,Yolo,CA
931,5/3/19,67.25416667,0,0,1013.219583,2.041666667,41.05791667,Yolo,CA
932,5/4/19,65.04208333,0,0,1010.387917,2,41.43,Yolo,CA
933,5/5/19,60.55083333,0,0,1007.92,1.916666667,45.05375,Yolo,CA
934,5/6/19,60.41458333,0,0,1010.57125,1.791666667,48.25166667,Yolo,CA
935,5/7/19,63.27916667,0,0,1015.374583,2,50.70583333,Yolo,CA
936,5/8/19,66.3325,0,0,1012.68125,2.083333333,53.095,Yolo,CA
937,5/9/19,65.11875,0,0,1006.510833,2,53.22708333,Yolo,CA
938,5/10/19,70.62875,0,0,1007.83625,2,46.32833333,Yolo,CA
939,5/11/19,66.59708333,0,0,1012.094583,2.166666667,51.16208333,Yolo,CA
940,5/12/19,67.535,0,0,1012.23375,2.208333333,52.13,Yolo,CA
941,5/13/19,67.80833333,0,0,1013.551667,2.208333333,45.975,Yolo,CA
942,5/14/19,62.2625,0,0,1014.317917,2.333333333,48.1125,Yolo,CA
943,5/15/19,60.10041667,0.02785,0.4975,1008.850833,1.25,53.40708333,Yolo,CA
944,5/16/19,56.31875,0.011,0.2825,1009.666667,1.166666667,48.25541667,Yolo,CA
945,5/17/19,59.74208333,6.25E-05,0.014583333,1017.506667,1.458333333,46.23416667,Yolo,CA
946,5/18/19,53.44125,0.020458333,0.335,1012.595,1.625,47.29583333,Yolo,CA
947,5/19/19,53.53166667,0.0145125,0.385833333,1008.64875,0.958333333,48.33916667,Yolo,CA
948,5/20/19,56.50458333,0,0,1013.61375,1.666666667,45.68416667,Yolo,CA
949,5/21/19,59.03916667,0.000116667,0.01375,1010.5925,1.208333333,46.1075,Yolo,CA
950,5/22/19,63.89666667,0.0001125,0.005833333,1008.775,1.75,46.21125,Yolo,CA
951,5/23/19,70.42458333,0,0,1008.383333,1.958333333,48.89416667,Yolo,CA
952,5/24/19,65.51875,0,0,1013.473333,2.291666667,53.37333333,Yolo,CA
953,5/25/19,62.01583333,0,0,1008.27125,1.291666667,51.49916667,Yolo,CA
954,5/26/19,57.15125,0.001220833,0.085416667,1008.441667,1.041666667,45.24583333,Yolo,CA
955,5/27/19,61.44666667,0,0,1016.092083,1.375,49.39541667,Yolo,CA
956,5/28/19,68.20833333,0,0,1014.2125,2.041666667,52.29833333,Yolo,CA
957,5/29/19,72.10166667,0,0,1010.170833,2.25,54.32166667,Yolo,CA
958,5/30/19,68.52833333,0,0,1010.598333,2.125,55.3225,Yolo,CA
959,5/31/19,74.16666667,0,0,1010.354167,2.083333333,52.70375,Yolo,CA